STE_NAME16	EmploymentStatus	IncomeTotPersonal.max	Sex	workers
New South Wales	Contributing family workers	0	F	4880
New South Wales	Contributing family workers	0	M	4130
New South Wales	Contributing family workers	7875	F	2211
New South Wales	Contributing family workers	7875	M	1519
New South Wales	Contributing family workers	15750	F	2952
New South Wales	Contributing family workers	15750	M	2232
New South Wales	Contributing family workers	21000	F	2641
New South Wales	Contributing family workers	21000	M	2486
New South Wales	Contributing family workers	26250	F	2146
New South Wales	Contributing family workers	26250	M	2118
New South Wales	Contributing family workers	34125	F	2297
New South Wales	Contributing family workers	34125	M	2455
New South Wales	Contributing family workers	42000	F	1636
New South Wales	Contributing family workers	42000	M	1937
New South Wales	Contributing family workers	52500	F	1413
New South Wales	Contributing family workers	52500	M	1855
New South Wales	Contributing family workers	65625	F	1199
New South Wales	Contributing family workers	65625	M	1701
New South Wales	Contributing family workers	78750	F	657
New South Wales	Contributing family workers	78750	M	989
New South Wales	Contributing family workers	91875	F	561
New South Wales	Contributing family workers	91875	M	873
New South Wales	Contributing family workers	105000	F	356
New South Wales	Contributing family workers	105000	M	497
New South Wales	Contributing family workers	157500	F	527
New South Wales	Contributing family workers	157500	M	706
New South Wales	Contributing family workers	Inf	F	647
New South Wales	Contributing family workers	Inf	M	961
New South Wales	Employee	0	F	5486
New South Wales	Employee	0	M	4543
New South Wales	Employee	7875	F	56462
New South Wales	Employee	7875	M	35582
New South Wales	Employee	15750	F	66401
New South Wales	Employee	15750	M	34773
New South Wales	Employee	21000	F	72915
New South Wales	Employee	21000	M	39197
New South Wales	Employee	26250	F	87809
New South Wales	Employee	26250	M	50878
New South Wales	Employee	34125	F	139601
New South Wales	Employee	34125	M	78332
New South Wales	Employee	42000	F	167380
New South Wales	Employee	42000	M	119566
New South Wales	Employee	52500	F	179364
New South Wales	Employee	52500	M	169829
New South Wales	Employee	65625	F	177635
New South Wales	Employee	65625	M	190882
New South Wales	Employee	78750	F	122051
New South Wales	Employee	78750	M	140719
New South Wales	Employee	91875	F	99696
New South Wales	Employee	91875	M	124680
New South Wales	Employee	105000	F	69559
New South Wales	Employee	105000	M	99138
New South Wales	Employee	157500	F	86730
New South Wales	Employee	157500	M	171589
New South Wales	Employee	Inf	F	36608
New South Wales	Employee	Inf	M	105949
New South Wales	Owner managers of incorporated enterprises	0	F	504
New South Wales	Owner managers of incorporated enterprises	0	M	1173
New South Wales	Owner managers of incorporated enterprises	7875	F	879
New South Wales	Owner managers of incorporated enterprises	7875	M	787
New South Wales	Owner managers of incorporated enterprises	15750	F	2067
New South Wales	Owner managers of incorporated enterprises	15750	M	1823
New South Wales	Owner managers of incorporated enterprises	21000	F	3250
New South Wales	Owner managers of incorporated enterprises	21000	M	3703
New South Wales	Owner managers of incorporated enterprises	26250	F	3461
New South Wales	Owner managers of incorporated enterprises	26250	M	4795
New South Wales	Owner managers of incorporated enterprises	34125	F	5999
New South Wales	Owner managers of incorporated enterprises	34125	M	9487
New South Wales	Owner managers of incorporated enterprises	42000	F	6707
New South Wales	Owner managers of incorporated enterprises	42000	M	12780
New South Wales	Owner managers of incorporated enterprises	52500	F	7247
New South Wales	Owner managers of incorporated enterprises	52500	M	17334
New South Wales	Owner managers of incorporated enterprises	65625	F	7702
New South Wales	Owner managers of incorporated enterprises	65625	M	22345
New South Wales	Owner managers of incorporated enterprises	78750	F	5574
New South Wales	Owner managers of incorporated enterprises	78750	M	17070
New South Wales	Owner managers of incorporated enterprises	91875	F	5890
New South Wales	Owner managers of incorporated enterprises	91875	M	18106
New South Wales	Owner managers of incorporated enterprises	105000	F	3390
New South Wales	Owner managers of incorporated enterprises	105000	M	11068
New South Wales	Owner managers of incorporated enterprises	157500	F	5743
New South Wales	Owner managers of incorporated enterprises	157500	M	19369
New South Wales	Owner managers of incorporated enterprises	Inf	F	6754
New South Wales	Owner managers of incorporated enterprises	Inf	M	26106
New South Wales	Owner managers of unincorporated enterprises	0	F	1227
New South Wales	Owner managers of unincorporated enterprises	0	M	1723
New South Wales	Owner managers of unincorporated enterprises	7875	F	4660
New South Wales	Owner managers of unincorporated enterprises	7875	M	2567
New South Wales	Owner managers of unincorporated enterprises	15750	F	8447
New South Wales	Owner managers of unincorporated enterprises	15750	M	6231
New South Wales	Owner managers of unincorporated enterprises	21000	F	9278
New South Wales	Owner managers of unincorporated enterprises	21000	M	9147
New South Wales	Owner managers of unincorporated enterprises	26250	F	9705
New South Wales	Owner managers of unincorporated enterprises	26250	M	11632
New South Wales	Owner managers of unincorporated enterprises	34125	F	12684
New South Wales	Owner managers of unincorporated enterprises	34125	M	17420
New South Wales	Owner managers of unincorporated enterprises	42000	F	11120
New South Wales	Owner managers of unincorporated enterprises	42000	M	18518
New South Wales	Owner managers of unincorporated enterprises	52500	F	10207
New South Wales	Owner managers of unincorporated enterprises	52500	M	21395
New South Wales	Owner managers of unincorporated enterprises	65625	F	8851
New South Wales	Owner managers of unincorporated enterprises	65625	M	22299
New South Wales	Owner managers of unincorporated enterprises	78750	F	5596
New South Wales	Owner managers of unincorporated enterprises	78750	M	14761
New South Wales	Owner managers of unincorporated enterprises	91875	F	4132
New South Wales	Owner managers of unincorporated enterprises	91875	M	11585
New South Wales	Owner managers of unincorporated enterprises	105000	F	2512
New South Wales	Owner managers of unincorporated enterprises	105000	M	7089
New South Wales	Owner managers of unincorporated enterprises	157500	F	3743
New South Wales	Owner managers of unincorporated enterprises	157500	M	9598
New South Wales	Owner managers of unincorporated enterprises	Inf	F	3973
New South Wales	Owner managers of unincorporated enterprises	Inf	M	11528
New South Wales	Status in employment not stated	0	F	340
New South Wales	Status in employment not stated	0	M	368
New South Wales	Status in employment not stated	7875	F	797
New South Wales	Status in employment not stated	7875	M	585
New South Wales	Status in employment not stated	15750	F	1134
New South Wales	Status in employment not stated	15750	M	834
New South Wales	Status in employment not stated	21000	F	1246
New South Wales	Status in employment not stated	21000	M	1214
New South Wales	Status in employment not stated	26250	F	1389
New South Wales	Status in employment not stated	26250	M	1401
New South Wales	Status in employment not stated	34125	F	1707
New South Wales	Status in employment not stated	34125	M	1804
New South Wales	Status in employment not stated	42000	F	1672
New South Wales	Status in employment not stated	42000	M	2049
New South Wales	Status in employment not stated	52500	F	1498
New South Wales	Status in employment not stated	52500	M	2397
New South Wales	Status in employment not stated	65625	F	1224
New South Wales	Status in employment not stated	65625	M	2200
New South Wales	Status in employment not stated	78750	F	686
New South Wales	Status in employment not stated	78750	M	1307
New South Wales	Status in employment not stated	91875	F	498
New South Wales	Status in employment not stated	91875	M	1052
New South Wales	Status in employment not stated	105000	F	323
New South Wales	Status in employment not stated	105000	M	680
New South Wales	Status in employment not stated	157500	F	384
New South Wales	Status in employment not stated	157500	M	888
New South Wales	Status in employment not stated	Inf	F	302
New South Wales	Status in employment not stated	Inf	M	815
Victoria	Contributing family workers	0	F	4282
Victoria	Contributing family workers	0	M	3790
Victoria	Contributing family workers	7875	F	1978
Victoria	Contributing family workers	7875	M	1370
Victoria	Contributing family workers	15750	F	2484
Victoria	Contributing family workers	15750	M	1883
Victoria	Contributing family workers	21000	F	2216
Victoria	Contributing family workers	21000	M	2015
Victoria	Contributing family workers	26250	F	1801
Victoria	Contributing family workers	26250	M	1695
Victoria	Contributing family workers	34125	F	1843
Victoria	Contributing family workers	34125	M	2049
Victoria	Contributing family workers	42000	F	1427
Victoria	Contributing family workers	42000	M	1680
Victoria	Contributing family workers	52500	F	1090
Victoria	Contributing family workers	52500	M	1549
Victoria	Contributing family workers	65625	F	929
Victoria	Contributing family workers	65625	M	1274
Victoria	Contributing family workers	78750	F	553
Victoria	Contributing family workers	78750	M	721
Victoria	Contributing family workers	91875	F	465
Victoria	Contributing family workers	91875	M	637
Victoria	Contributing family workers	105000	F	256
Victoria	Contributing family workers	105000	M	419
Victoria	Contributing family workers	157500	F	359
Victoria	Contributing family workers	157500	M	502
Victoria	Contributing family workers	Inf	F	512
Victoria	Contributing family workers	Inf	M	708
Victoria	Employee	0	F	5004
Victoria	Employee	0	M	4106
Victoria	Employee	7875	F	54326
Victoria	Employee	7875	M	34683
Victoria	Employee	15750	F	62582
Victoria	Employee	15750	M	31551
Victoria	Employee	21000	F	63711
Victoria	Employee	21000	M	32893
Victoria	Employee	26250	F	75452
Victoria	Employee	26250	M	40625
Victoria	Employee	34125	F	118198
Victoria	Employee	34125	M	63236
Victoria	Employee	42000	F	138858
Victoria	Employee	42000	M	100503
Victoria	Employee	52500	F	151396
Victoria	Employee	52500	M	145522
Victoria	Employee	65625	F	148602
Victoria	Employee	65625	M	162822
Victoria	Employee	78750	F	101088
Victoria	Employee	78750	M	119009
Victoria	Employee	91875	F	75715
Victoria	Employee	91875	M	102571
Victoria	Employee	105000	F	45942
Victoria	Employee	105000	M	77634
Victoria	Employee	157500	F	52594
Victoria	Employee	157500	M	123389
Victoria	Employee	Inf	F	21996
Victoria	Employee	Inf	M	68721
Victoria	Owner managers of incorporated enterprises	0	F	526
Victoria	Owner managers of incorporated enterprises	0	M	1137
Victoria	Owner managers of incorporated enterprises	7875	F	869
Victoria	Owner managers of incorporated enterprises	7875	M	883
Victoria	Owner managers of incorporated enterprises	15750	F	2027
Victoria	Owner managers of incorporated enterprises	15750	M	1777
Victoria	Owner managers of incorporated enterprises	21000	F	3157
Victoria	Owner managers of incorporated enterprises	21000	M	3456
Victoria	Owner managers of incorporated enterprises	26250	F	3325
Victoria	Owner managers of incorporated enterprises	26250	M	4603
Victoria	Owner managers of incorporated enterprises	34125	F	5121
Victoria	Owner managers of incorporated enterprises	34125	M	8508
Victoria	Owner managers of incorporated enterprises	42000	F	5691
Victoria	Owner managers of incorporated enterprises	42000	M	11662
Victoria	Owner managers of incorporated enterprises	52500	F	5736
Victoria	Owner managers of incorporated enterprises	52500	M	15105
Victoria	Owner managers of incorporated enterprises	65625	F	6028
Victoria	Owner managers of incorporated enterprises	65625	M	18675
Victoria	Owner managers of incorporated enterprises	78750	F	4435
Victoria	Owner managers of incorporated enterprises	78750	M	14396
Victoria	Owner managers of incorporated enterprises	91875	F	4574
Victoria	Owner managers of incorporated enterprises	91875	M	15234
Victoria	Owner managers of incorporated enterprises	105000	F	2529
Victoria	Owner managers of incorporated enterprises	105000	M	9085
Victoria	Owner managers of incorporated enterprises	157500	F	4113
Victoria	Owner managers of incorporated enterprises	157500	M	15294
Victoria	Owner managers of incorporated enterprises	Inf	F	4812
Victoria	Owner managers of incorporated enterprises	Inf	M	19884
Victoria	Owner managers of unincorporated enterprises	0	F	977
Victoria	Owner managers of unincorporated enterprises	0	M	1491
Victoria	Owner managers of unincorporated enterprises	7875	F	4129
Victoria	Owner managers of unincorporated enterprises	7875	M	2117
Victoria	Owner managers of unincorporated enterprises	15750	F	7207
Victoria	Owner managers of unincorporated enterprises	15750	M	5288
Victoria	Owner managers of unincorporated enterprises	21000	F	7595
Victoria	Owner managers of unincorporated enterprises	21000	M	7291
Victoria	Owner managers of unincorporated enterprises	26250	F	7667
Victoria	Owner managers of unincorporated enterprises	26250	M	9190
Victoria	Owner managers of unincorporated enterprises	34125	F	9470
Victoria	Owner managers of unincorporated enterprises	34125	M	13588
Victoria	Owner managers of unincorporated enterprises	42000	F	8120
Victoria	Owner managers of unincorporated enterprises	42000	M	14456
Victoria	Owner managers of unincorporated enterprises	52500	F	7395
Victoria	Owner managers of unincorporated enterprises	52500	M	16865
Victoria	Owner managers of unincorporated enterprises	65625	F	6285
Victoria	Owner managers of unincorporated enterprises	65625	M	17204
Victoria	Owner managers of unincorporated enterprises	78750	F	3908
Victoria	Owner managers of unincorporated enterprises	78750	M	11667
Victoria	Owner managers of unincorporated enterprises	91875	F	2944
Victoria	Owner managers of unincorporated enterprises	91875	M	8582
Victoria	Owner managers of unincorporated enterprises	105000	F	1750
Victoria	Owner managers of unincorporated enterprises	105000	M	5280
Victoria	Owner managers of unincorporated enterprises	157500	F	2652
Victoria	Owner managers of unincorporated enterprises	157500	M	6816
Victoria	Owner managers of unincorporated enterprises	Inf	F	2752
Victoria	Owner managers of unincorporated enterprises	Inf	M	8106
Victoria	Status in employment not stated	0	F	305
Victoria	Status in employment not stated	0	M	297
Victoria	Status in employment not stated	7875	F	823
Victoria	Status in employment not stated	7875	M	561
Victoria	Status in employment not stated	15750	F	1001
Victoria	Status in employment not stated	15750	M	687
Victoria	Status in employment not stated	21000	F	1080
Victoria	Status in employment not stated	21000	M	914
Victoria	Status in employment not stated	26250	F	1131
Victoria	Status in employment not stated	26250	M	1171
Victoria	Status in employment not stated	34125	F	1415
Victoria	Status in employment not stated	34125	M	1462
Victoria	Status in employment not stated	42000	F	1352
Victoria	Status in employment not stated	42000	M	1843
Victoria	Status in employment not stated	52500	F	1189
Victoria	Status in employment not stated	52500	M	2123
Victoria	Status in employment not stated	65625	F	957
Victoria	Status in employment not stated	65625	M	1874
Victoria	Status in employment not stated	78750	F	481
Victoria	Status in employment not stated	78750	M	1105
Victoria	Status in employment not stated	91875	F	405
Victoria	Status in employment not stated	91875	M	881
Victoria	Status in employment not stated	105000	F	223
Victoria	Status in employment not stated	105000	M	589
Victoria	Status in employment not stated	157500	F	223
Victoria	Status in employment not stated	157500	M	669
Victoria	Status in employment not stated	Inf	F	268
Victoria	Status in employment not stated	Inf	M	621
Queensland	Contributing family workers	0	F	4077
Queensland	Contributing family workers	0	M	3326
Queensland	Contributing family workers	7875	F	1746
Queensland	Contributing family workers	7875	M	1181
Queensland	Contributing family workers	15750	F	2236
Queensland	Contributing family workers	15750	M	1619
Queensland	Contributing family workers	21000	F	1961
Queensland	Contributing family workers	21000	M	1638
Queensland	Contributing family workers	26250	F	1578
Queensland	Contributing family workers	26250	M	1371
Queensland	Contributing family workers	34125	F	1652
Queensland	Contributing family workers	34125	M	1573
Queensland	Contributing family workers	42000	F	1236
Queensland	Contributing family workers	42000	M	1216
Queensland	Contributing family workers	52500	F	975
Queensland	Contributing family workers	52500	M	1223
Queensland	Contributing family workers	65625	F	908
Queensland	Contributing family workers	65625	M	1133
Queensland	Contributing family workers	78750	F	525
Queensland	Contributing family workers	78750	M	716
Queensland	Contributing family workers	91875	F	433
Queensland	Contributing family workers	91875	M	581
Queensland	Contributing family workers	105000	F	244
Queensland	Contributing family workers	105000	M	380
Queensland	Contributing family workers	157500	F	329
Queensland	Contributing family workers	157500	M	495
Queensland	Contributing family workers	Inf	F	474
Queensland	Contributing family workers	Inf	M	663
Queensland	Employee	0	F	3301
Queensland	Employee	0	M	2852
Queensland	Employee	7875	F	39180
Queensland	Employee	7875	M	25481
Queensland	Employee	15750	F	43448
Queensland	Employee	15750	M	21935
Queensland	Employee	21000	F	46822
Queensland	Employee	21000	M	23027
Queensland	Employee	26250	F	59252
Queensland	Employee	26250	M	29569
Queensland	Employee	34125	F	101015
Queensland	Employee	34125	M	49381
Queensland	Employee	42000	F	122706
Queensland	Employee	42000	M	80959
Queensland	Employee	52500	F	124254
Queensland	Employee	52500	M	117473
Queensland	Employee	65625	F	117097
Queensland	Employee	65625	M	130561
Queensland	Employee	78750	F	76459
Queensland	Employee	78750	M	95024
Queensland	Employee	91875	F	62658
Queensland	Employee	91875	M	83267
Queensland	Employee	105000	F	34811
Queensland	Employee	105000	M	61551
Queensland	Employee	157500	F	38042
Queensland	Employee	157500	M	98289
Queensland	Employee	Inf	F	11419
Queensland	Employee	Inf	M	46536
Queensland	Owner managers of incorporated enterprises	0	F	426
Queensland	Owner managers of incorporated enterprises	0	M	720
Queensland	Owner managers of incorporated enterprises	7875	F	633
Queensland	Owner managers of incorporated enterprises	7875	M	537
Queensland	Owner managers of incorporated enterprises	15750	F	1284
Queensland	Owner managers of incorporated enterprises	15750	M	1132
Queensland	Owner managers of incorporated enterprises	21000	F	2120
Queensland	Owner managers of incorporated enterprises	21000	M	2265
Queensland	Owner managers of incorporated enterprises	26250	F	2258
Queensland	Owner managers of incorporated enterprises	26250	M	2731
Queensland	Owner managers of incorporated enterprises	34125	F	4061
Queensland	Owner managers of incorporated enterprises	34125	M	5150
Queensland	Owner managers of incorporated enterprises	42000	F	4531
Queensland	Owner managers of incorporated enterprises	42000	M	6934
Queensland	Owner managers of incorporated enterprises	52500	F	4755
Queensland	Owner managers of incorporated enterprises	52500	M	9329
Queensland	Owner managers of incorporated enterprises	65625	F	5315
Queensland	Owner managers of incorporated enterprises	65625	M	12545
Queensland	Owner managers of incorporated enterprises	78750	F	3917
Queensland	Owner managers of incorporated enterprises	78750	M	10261
Queensland	Owner managers of incorporated enterprises	91875	F	4217
Queensland	Owner managers of incorporated enterprises	91875	M	11852
Queensland	Owner managers of incorporated enterprises	105000	F	2130
Queensland	Owner managers of incorporated enterprises	105000	M	6448
Queensland	Owner managers of incorporated enterprises	157500	F	3474
Queensland	Owner managers of incorporated enterprises	157500	M	11321
Queensland	Owner managers of incorporated enterprises	Inf	F	3821
Queensland	Owner managers of incorporated enterprises	Inf	M	13720
Queensland	Owner managers of unincorporated enterprises	0	F	940
Queensland	Owner managers of unincorporated enterprises	0	M	1262
Queensland	Owner managers of unincorporated enterprises	7875	F	3474
Queensland	Owner managers of unincorporated enterprises	7875	M	1713
Queensland	Owner managers of unincorporated enterprises	15750	F	6101
Queensland	Owner managers of unincorporated enterprises	15750	M	3876
Queensland	Owner managers of unincorporated enterprises	21000	F	6317
Queensland	Owner managers of unincorporated enterprises	21000	M	5650
Queensland	Owner managers of unincorporated enterprises	26250	F	6612
Queensland	Owner managers of unincorporated enterprises	26250	M	6745
Queensland	Owner managers of unincorporated enterprises	34125	F	8519
Queensland	Owner managers of unincorporated enterprises	34125	M	10034
Queensland	Owner managers of unincorporated enterprises	42000	F	7152
Queensland	Owner managers of unincorporated enterprises	42000	M	11014
Queensland	Owner managers of unincorporated enterprises	52500	F	6457
Queensland	Owner managers of unincorporated enterprises	52500	M	12576
Queensland	Owner managers of unincorporated enterprises	65625	F	5511
Queensland	Owner managers of unincorporated enterprises	65625	M	13524
Queensland	Owner managers of unincorporated enterprises	78750	F	3271
Queensland	Owner managers of unincorporated enterprises	78750	M	9246
Queensland	Owner managers of unincorporated enterprises	91875	F	2372
Queensland	Owner managers of unincorporated enterprises	91875	M	7179
Queensland	Owner managers of unincorporated enterprises	105000	F	1361
Queensland	Owner managers of unincorporated enterprises	105000	M	4364
Queensland	Owner managers of unincorporated enterprises	157500	F	1919
Queensland	Owner managers of unincorporated enterprises	157500	M	5487
Queensland	Owner managers of unincorporated enterprises	Inf	F	1901
Queensland	Owner managers of unincorporated enterprises	Inf	M	5715
Queensland	Status in employment not stated	0	F	183
Queensland	Status in employment not stated	0	M	200
Queensland	Status in employment not stated	7875	F	458
Queensland	Status in employment not stated	7875	M	335
Queensland	Status in employment not stated	15750	F	648
Queensland	Status in employment not stated	15750	M	465
Queensland	Status in employment not stated	21000	F	810
Queensland	Status in employment not stated	21000	M	644
Queensland	Status in employment not stated	26250	F	874
Queensland	Status in employment not stated	26250	M	663
Queensland	Status in employment not stated	34125	F	1071
Queensland	Status in employment not stated	34125	M	972
Queensland	Status in employment not stated	42000	F	1034
Queensland	Status in employment not stated	42000	M	1141
Queensland	Status in employment not stated	52500	F	880
Queensland	Status in employment not stated	52500	M	1260
Queensland	Status in employment not stated	65625	F	650
Queensland	Status in employment not stated	65625	M	1211
Queensland	Status in employment not stated	78750	F	355
Queensland	Status in employment not stated	78750	M	754
Queensland	Status in employment not stated	91875	F	277
Queensland	Status in employment not stated	91875	M	629
Queensland	Status in employment not stated	105000	F	149
Queensland	Status in employment not stated	105000	M	381
Queensland	Status in employment not stated	157500	F	154
Queensland	Status in employment not stated	157500	M	509
Queensland	Status in employment not stated	Inf	F	139
Queensland	Status in employment not stated	Inf	M	464
South Australia	Contributing family workers	0	F	1153
South Australia	Contributing family workers	0	M	1070
South Australia	Contributing family workers	7875	F	515
South Australia	Contributing family workers	7875	M	423
South Australia	Contributing family workers	15750	F	732
South Australia	Contributing family workers	15750	M	646
South Australia	Contributing family workers	21000	F	644
South Australia	Contributing family workers	21000	M	635
South Australia	Contributing family workers	26250	F	547
South Australia	Contributing family workers	26250	M	578
South Australia	Contributing family workers	34125	F	567
South Australia	Contributing family workers	34125	M	634
South Australia	Contributing family workers	42000	F	446
South Australia	Contributing family workers	42000	M	551
South Australia	Contributing family workers	52500	F	362
South Australia	Contributing family workers	52500	M	496
South Australia	Contributing family workers	65625	F	316
South Australia	Contributing family workers	65625	M	462
South Australia	Contributing family workers	78750	F	172
South Australia	Contributing family workers	78750	M	263
South Australia	Contributing family workers	91875	F	186
South Australia	Contributing family workers	91875	M	247
South Australia	Contributing family workers	105000	F	93
South Australia	Contributing family workers	105000	M	137
South Australia	Contributing family workers	157500	F	147
South Australia	Contributing family workers	157500	M	208
South Australia	Contributing family workers	Inf	F	138
South Australia	Contributing family workers	Inf	M	248
South Australia	Employee	0	F	1107
South Australia	Employee	0	M	879
South Australia	Employee	7875	F	14508
South Australia	Employee	7875	M	9414
South Australia	Employee	15750	F	17221
South Australia	Employee	15750	M	9008
South Australia	Employee	21000	F	17996
South Australia	Employee	21000	M	8846
South Australia	Employee	26250	F	23214
South Australia	Employee	26250	M	11290
South Australia	Employee	34125	F	37229
South Australia	Employee	34125	M	18449
South Australia	Employee	42000	F	41410
South Australia	Employee	42000	M	29931
South Australia	Employee	52500	F	43702
South Australia	Employee	52500	M	43646
South Australia	Employee	65625	F	41087
South Australia	Employee	65625	M	47289
South Australia	Employee	78750	F	25973
South Australia	Employee	78750	M	32005
South Australia	Employee	91875	F	20350
South Australia	Employee	91875	M	27229
South Australia	Employee	105000	F	12585
South Australia	Employee	105000	M	20548
South Australia	Employee	157500	F	11195
South Australia	Employee	157500	M	28312
South Australia	Employee	Inf	F	3218
South Australia	Employee	Inf	M	11126
South Australia	Owner managers of incorporated enterprises	0	F	106
South Australia	Owner managers of incorporated enterprises	0	M	225
South Australia	Owner managers of incorporated enterprises	7875	F	201
South Australia	Owner managers of incorporated enterprises	7875	M	205
South Australia	Owner managers of incorporated enterprises	15750	F	438
South Australia	Owner managers of incorporated enterprises	15750	M	407
South Australia	Owner managers of incorporated enterprises	21000	F	584
South Australia	Owner managers of incorporated enterprises	21000	M	755
South Australia	Owner managers of incorporated enterprises	26250	F	723
South Australia	Owner managers of incorporated enterprises	26250	M	973
South Australia	Owner managers of incorporated enterprises	34125	F	1074
South Australia	Owner managers of incorporated enterprises	34125	M	1654
South Australia	Owner managers of incorporated enterprises	42000	F	1183
South Australia	Owner managers of incorporated enterprises	42000	M	2364
South Australia	Owner managers of incorporated enterprises	52500	F	1255
South Australia	Owner managers of incorporated enterprises	52500	M	3012
South Australia	Owner managers of incorporated enterprises	65625	F	1372
South Australia	Owner managers of incorporated enterprises	65625	M	3995
South Australia	Owner managers of incorporated enterprises	78750	F	1059
South Australia	Owner managers of incorporated enterprises	78750	M	3062
South Australia	Owner managers of incorporated enterprises	91875	F	1038
South Australia	Owner managers of incorporated enterprises	91875	M	3299
South Australia	Owner managers of incorporated enterprises	105000	F	534
South Australia	Owner managers of incorporated enterprises	105000	M	1890
South Australia	Owner managers of incorporated enterprises	157500	F	830
South Australia	Owner managers of incorporated enterprises	157500	M	3139
South Australia	Owner managers of incorporated enterprises	Inf	F	929
South Australia	Owner managers of incorporated enterprises	Inf	M	3826
South Australia	Owner managers of unincorporated enterprises	0	F	262
South Australia	Owner managers of unincorporated enterprises	0	M	476
South Australia	Owner managers of unincorporated enterprises	7875	F	1121
South Australia	Owner managers of unincorporated enterprises	7875	M	743
South Australia	Owner managers of unincorporated enterprises	15750	F	2156
South Australia	Owner managers of unincorporated enterprises	15750	M	1851
South Australia	Owner managers of unincorporated enterprises	21000	F	2206
South Australia	Owner managers of unincorporated enterprises	21000	M	2425
South Australia	Owner managers of unincorporated enterprises	26250	F	2342
South Australia	Owner managers of unincorporated enterprises	26250	M	3070
South Australia	Owner managers of unincorporated enterprises	34125	F	3102
South Australia	Owner managers of unincorporated enterprises	34125	M	4709
South Australia	Owner managers of unincorporated enterprises	42000	F	2497
South Australia	Owner managers of unincorporated enterprises	42000	M	5019
South Australia	Owner managers of unincorporated enterprises	52500	F	2225
South Australia	Owner managers of unincorporated enterprises	52500	M	5685
South Australia	Owner managers of unincorporated enterprises	65625	F	1878
South Australia	Owner managers of unincorporated enterprises	65625	M	5782
South Australia	Owner managers of unincorporated enterprises	78750	F	1036
South Australia	Owner managers of unincorporated enterprises	78750	M	3691
South Australia	Owner managers of unincorporated enterprises	91875	F	918
South Australia	Owner managers of unincorporated enterprises	91875	M	2707
South Australia	Owner managers of unincorporated enterprises	105000	F	461
South Australia	Owner managers of unincorporated enterprises	105000	M	1540
South Australia	Owner managers of unincorporated enterprises	157500	F	805
South Australia	Owner managers of unincorporated enterprises	157500	M	2123
South Australia	Owner managers of unincorporated enterprises	Inf	F	717
South Australia	Owner managers of unincorporated enterprises	Inf	M	2386
South Australia	Status in employment not stated	0	F	89
South Australia	Status in employment not stated	0	M	70
South Australia	Status in employment not stated	7875	F	230
South Australia	Status in employment not stated	7875	M	139
South Australia	Status in employment not stated	15750	F	300
South Australia	Status in employment not stated	15750	M	225
South Australia	Status in employment not stated	21000	F	326
South Australia	Status in employment not stated	21000	M	260
South Australia	Status in employment not stated	26250	F	365
South Australia	Status in employment not stated	26250	M	359
South Australia	Status in employment not stated	34125	F	386
South Australia	Status in employment not stated	34125	M	425
South Australia	Status in employment not stated	42000	F	343
South Australia	Status in employment not stated	42000	M	516
South Australia	Status in employment not stated	52500	F	341
South Australia	Status in employment not stated	52500	M	565
South Australia	Status in employment not stated	65625	F	267
South Australia	Status in employment not stated	65625	M	500
South Australia	Status in employment not stated	78750	F	158
South Australia	Status in employment not stated	78750	M	260
South Australia	Status in employment not stated	91875	F	113
South Australia	Status in employment not stated	91875	M	236
South Australia	Status in employment not stated	105000	F	48
South Australia	Status in employment not stated	105000	M	125
South Australia	Status in employment not stated	157500	F	54
South Australia	Status in employment not stated	157500	M	161
South Australia	Status in employment not stated	Inf	F	45
South Australia	Status in employment not stated	Inf	M	157
Western Australia	Contributing family workers	0	F	1984
Western Australia	Contributing family workers	0	M	1480
Western Australia	Contributing family workers	7875	F	800
Western Australia	Contributing family workers	7875	M	500
Western Australia	Contributing family workers	15750	F	919
Western Australia	Contributing family workers	15750	M	645
Western Australia	Contributing family workers	21000	F	797
Western Australia	Contributing family workers	21000	M	616
Western Australia	Contributing family workers	26250	F	664
Western Australia	Contributing family workers	26250	M	648
Western Australia	Contributing family workers	34125	F	800
Western Australia	Contributing family workers	34125	M	809
Western Australia	Contributing family workers	42000	F	635
Western Australia	Contributing family workers	42000	M	623
Western Australia	Contributing family workers	52500	F	508
Western Australia	Contributing family workers	52500	M	644
Western Australia	Contributing family workers	65625	F	546
Western Australia	Contributing family workers	65625	M	708
Western Australia	Contributing family workers	78750	F	375
Western Australia	Contributing family workers	78750	M	424
Western Australia	Contributing family workers	91875	F	300
Western Australia	Contributing family workers	91875	M	363
Western Australia	Contributing family workers	105000	F	173
Western Australia	Contributing family workers	105000	M	268
Western Australia	Contributing family workers	157500	F	240
Western Australia	Contributing family workers	157500	M	350
Western Australia	Contributing family workers	Inf	F	274
Western Australia	Contributing family workers	Inf	M	412
Western Australia	Employee	0	F	1988
Western Australia	Employee	0	M	1631
Western Australia	Employee	7875	F	21827
Western Australia	Employee	7875	M	13426
Western Australia	Employee	15750	F	25263
Western Australia	Employee	15750	M	11759
Western Australia	Employee	21000	F	25830
Western Australia	Employee	21000	M	11662
Western Australia	Employee	26250	F	30648
Western Australia	Employee	26250	M	14037
Western Australia	Employee	34125	F	47193
Western Australia	Employee	34125	M	21100
Western Australia	Employee	42000	F	53689
Western Australia	Employee	42000	M	29676
Western Australia	Employee	52500	F	58992
Western Australia	Employee	52500	M	46761
Western Australia	Employee	65625	F	61406
Western Australia	Employee	65625	M	63403
Western Australia	Employee	78750	F	43162
Western Australia	Employee	78750	M	51273
Western Australia	Employee	91875	F	34069
Western Australia	Employee	91875	M	49652
Western Australia	Employee	105000	F	23480
Western Australia	Employee	105000	M	42829
Western Australia	Employee	157500	F	29060
Western Australia	Employee	157500	M	87301
Western Australia	Employee	Inf	F	8972
Western Australia	Employee	Inf	M	54073
Western Australia	Owner managers of incorporated enterprises	0	F	200
Western Australia	Owner managers of incorporated enterprises	0	M	359
Western Australia	Owner managers of incorporated enterprises	7875	F	298
Western Australia	Owner managers of incorporated enterprises	7875	M	246
Western Australia	Owner managers of incorporated enterprises	15750	F	605
Western Australia	Owner managers of incorporated enterprises	15750	M	457
Western Australia	Owner managers of incorporated enterprises	21000	F	859
Western Australia	Owner managers of incorporated enterprises	21000	M	829
Western Australia	Owner managers of incorporated enterprises	26250	F	929
Western Australia	Owner managers of incorporated enterprises	26250	M	1029
Western Australia	Owner managers of incorporated enterprises	34125	F	1564
Western Australia	Owner managers of incorporated enterprises	34125	M	2009
Western Australia	Owner managers of incorporated enterprises	42000	F	1737
Western Australia	Owner managers of incorporated enterprises	42000	M	2578
Western Australia	Owner managers of incorporated enterprises	52500	F	2018
Western Australia	Owner managers of incorporated enterprises	52500	M	3812
Western Australia	Owner managers of incorporated enterprises	65625	F	2444
Western Australia	Owner managers of incorporated enterprises	65625	M	5624
Western Australia	Owner managers of incorporated enterprises	78750	F	1854
Western Australia	Owner managers of incorporated enterprises	78750	M	4919
Western Australia	Owner managers of incorporated enterprises	91875	F	2068
Western Australia	Owner managers of incorporated enterprises	91875	M	6054
Western Australia	Owner managers of incorporated enterprises	105000	F	1132
Western Australia	Owner managers of incorporated enterprises	105000	M	3885
Western Australia	Owner managers of incorporated enterprises	157500	F	1977
Western Australia	Owner managers of incorporated enterprises	157500	M	7108
Western Australia	Owner managers of incorporated enterprises	Inf	F	2174
Western Australia	Owner managers of incorporated enterprises	Inf	M	9322
Western Australia	Owner managers of unincorporated enterprises	0	F	506
Western Australia	Owner managers of unincorporated enterprises	0	M	550
Western Australia	Owner managers of unincorporated enterprises	7875	F	2031
Western Australia	Owner managers of unincorporated enterprises	7875	M	755
Western Australia	Owner managers of unincorporated enterprises	15750	F	3110
Western Australia	Owner managers of unincorporated enterprises	15750	M	1746
Western Australia	Owner managers of unincorporated enterprises	21000	F	2964
Western Australia	Owner managers of unincorporated enterprises	21000	M	2497
Western Australia	Owner managers of unincorporated enterprises	26250	F	2936
Western Australia	Owner managers of unincorporated enterprises	26250	M	3119
Western Australia	Owner managers of unincorporated enterprises	34125	F	3820
Western Australia	Owner managers of unincorporated enterprises	34125	M	4880
Western Australia	Owner managers of unincorporated enterprises	42000	F	3389
Western Australia	Owner managers of unincorporated enterprises	42000	M	5380
Western Australia	Owner managers of unincorporated enterprises	52500	F	3353
Western Australia	Owner managers of unincorporated enterprises	52500	M	6859
Western Australia	Owner managers of unincorporated enterprises	65625	F	3102
Western Australia	Owner managers of unincorporated enterprises	65625	M	8218
Western Australia	Owner managers of unincorporated enterprises	78750	F	1971
Western Australia	Owner managers of unincorporated enterprises	78750	M	6232
Western Australia	Owner managers of unincorporated enterprises	91875	F	1642
Western Australia	Owner managers of unincorporated enterprises	91875	M	5334
Western Australia	Owner managers of unincorporated enterprises	105000	F	872
Western Australia	Owner managers of unincorporated enterprises	105000	M	3379
Western Australia	Owner managers of unincorporated enterprises	157500	F	1419
Western Australia	Owner managers of unincorporated enterprises	157500	M	4552
Western Australia	Owner managers of unincorporated enterprises	Inf	F	1326
Western Australia	Owner managers of unincorporated enterprises	Inf	M	4318
Western Australia	Status in employment not stated	0	F	106
Western Australia	Status in employment not stated	0	M	110
Western Australia	Status in employment not stated	7875	F	261
Western Australia	Status in employment not stated	7875	M	177
Western Australia	Status in employment not stated	15750	F	302
Western Australia	Status in employment not stated	15750	M	180
Western Australia	Status in employment not stated	21000	F	372
Western Australia	Status in employment not stated	21000	M	294
Western Australia	Status in employment not stated	26250	F	363
Western Australia	Status in employment not stated	26250	M	302
Western Australia	Status in employment not stated	34125	F	463
Western Australia	Status in employment not stated	34125	M	430
Western Australia	Status in employment not stated	42000	F	474
Western Australia	Status in employment not stated	42000	M	480
Western Australia	Status in employment not stated	52500	F	407
Western Australia	Status in employment not stated	52500	M	652
Western Australia	Status in employment not stated	65625	F	367
Western Australia	Status in employment not stated	65625	M	669
Western Australia	Status in employment not stated	78750	F	207
Western Australia	Status in employment not stated	78750	M	501
Western Australia	Status in employment not stated	91875	F	165
Western Australia	Status in employment not stated	91875	M	381
Western Australia	Status in employment not stated	105000	F	121
Western Australia	Status in employment not stated	105000	M	294
Western Australia	Status in employment not stated	157500	F	110
Western Australia	Status in employment not stated	157500	M	460
Western Australia	Status in employment not stated	Inf	F	80
Western Australia	Status in employment not stated	Inf	M	354
Tasmania	Contributing family workers	0	F	346
Tasmania	Contributing family workers	0	M	300
Tasmania	Contributing family workers	7875	F	168
Tasmania	Contributing family workers	7875	M	123
Tasmania	Contributing family workers	15750	F	259
Tasmania	Contributing family workers	15750	M	240
Tasmania	Contributing family workers	21000	F	190
Tasmania	Contributing family workers	21000	M	195
Tasmania	Contributing family workers	26250	F	189
Tasmania	Contributing family workers	26250	M	176
Tasmania	Contributing family workers	34125	F	174
Tasmania	Contributing family workers	34125	M	186
Tasmania	Contributing family workers	42000	F	124
Tasmania	Contributing family workers	42000	M	135
Tasmania	Contributing family workers	52500	F	105
Tasmania	Contributing family workers	52500	M	125
Tasmania	Contributing family workers	65625	F	78
Tasmania	Contributing family workers	65625	M	87
Tasmania	Contributing family workers	78750	F	52
Tasmania	Contributing family workers	78750	M	66
Tasmania	Contributing family workers	91875	F	29
Tasmania	Contributing family workers	91875	M	53
Tasmania	Contributing family workers	105000	F	11
Tasmania	Contributing family workers	105000	M	28
Tasmania	Contributing family workers	157500	F	34
Tasmania	Contributing family workers	157500	M	42
Tasmania	Contributing family workers	Inf	F	29
Tasmania	Contributing family workers	Inf	M	52
Tasmania	Employee	0	F	287
Tasmania	Employee	0	M	240
Tasmania	Employee	7875	F	4281
Tasmania	Employee	7875	M	2611
Tasmania	Employee	15750	F	5172
Tasmania	Employee	15750	M	2377
Tasmania	Employee	21000	F	5722
Tasmania	Employee	21000	M	2533
Tasmania	Employee	26250	F	7622
Tasmania	Employee	26250	M	3492
Tasmania	Employee	34125	F	12056
Tasmania	Employee	34125	M	6121
Tasmania	Employee	42000	F	12890
Tasmania	Employee	42000	M	9618
Tasmania	Employee	52500	F	12273
Tasmania	Employee	52500	M	13368
Tasmania	Employee	65625	F	11680
Tasmania	Employee	65625	M	13767
Tasmania	Employee	78750	F	7284
Tasmania	Employee	78750	M	9220
Tasmania	Employee	91875	F	5629
Tasmania	Employee	91875	M	7889
Tasmania	Employee	105000	F	3442
Tasmania	Employee	105000	M	5580
Tasmania	Employee	157500	F	2798
Tasmania	Employee	157500	M	6392
Tasmania	Employee	Inf	F	705
Tasmania	Employee	Inf	M	2199
Tasmania	Owner managers of incorporated enterprises	0	F	12
Tasmania	Owner managers of incorporated enterprises	0	M	45
Tasmania	Owner managers of incorporated enterprises	7875	F	54
Tasmania	Owner managers of incorporated enterprises	7875	M	43
Tasmania	Owner managers of incorporated enterprises	15750	F	123
Tasmania	Owner managers of incorporated enterprises	15750	M	116
Tasmania	Owner managers of incorporated enterprises	21000	F	178
Tasmania	Owner managers of incorporated enterprises	21000	M	187
Tasmania	Owner managers of incorporated enterprises	26250	F	184
Tasmania	Owner managers of incorporated enterprises	26250	M	228
Tasmania	Owner managers of incorporated enterprises	34125	F	313
Tasmania	Owner managers of incorporated enterprises	34125	M	427
Tasmania	Owner managers of incorporated enterprises	42000	F	382
Tasmania	Owner managers of incorporated enterprises	42000	M	625
Tasmania	Owner managers of incorporated enterprises	52500	F	336
Tasmania	Owner managers of incorporated enterprises	52500	M	746
Tasmania	Owner managers of incorporated enterprises	65625	F	323
Tasmania	Owner managers of incorporated enterprises	65625	M	1020
Tasmania	Owner managers of incorporated enterprises	78750	F	251
Tasmania	Owner managers of incorporated enterprises	78750	M	792
Tasmania	Owner managers of incorporated enterprises	91875	F	257
Tasmania	Owner managers of incorporated enterprises	91875	M	821
Tasmania	Owner managers of incorporated enterprises	105000	F	126
Tasmania	Owner managers of incorporated enterprises	105000	M	445
Tasmania	Owner managers of incorporated enterprises	157500	F	247
Tasmania	Owner managers of incorporated enterprises	157500	M	804
Tasmania	Owner managers of incorporated enterprises	Inf	F	266
Tasmania	Owner managers of incorporated enterprises	Inf	M	911
Tasmania	Owner managers of unincorporated enterprises	0	F	99
Tasmania	Owner managers of unincorporated enterprises	0	M	131
Tasmania	Owner managers of unincorporated enterprises	7875	F	316
Tasmania	Owner managers of unincorporated enterprises	7875	M	207
Tasmania	Owner managers of unincorporated enterprises	15750	F	659
Tasmania	Owner managers of unincorporated enterprises	15750	M	601
Tasmania	Owner managers of unincorporated enterprises	21000	F	740
Tasmania	Owner managers of unincorporated enterprises	21000	M	860
Tasmania	Owner managers of unincorporated enterprises	26250	F	750
Tasmania	Owner managers of unincorporated enterprises	26250	M	985
Tasmania	Owner managers of unincorporated enterprises	34125	F	928
Tasmania	Owner managers of unincorporated enterprises	34125	M	1439
Tasmania	Owner managers of unincorporated enterprises	42000	F	813
Tasmania	Owner managers of unincorporated enterprises	42000	M	1474
Tasmania	Owner managers of unincorporated enterprises	52500	F	655
Tasmania	Owner managers of unincorporated enterprises	52500	M	1532
Tasmania	Owner managers of unincorporated enterprises	65625	F	590
Tasmania	Owner managers of unincorporated enterprises	65625	M	1555
Tasmania	Owner managers of unincorporated enterprises	78750	F	352
Tasmania	Owner managers of unincorporated enterprises	78750	M	1042
Tasmania	Owner managers of unincorporated enterprises	91875	F	255
Tasmania	Owner managers of unincorporated enterprises	91875	M	745
Tasmania	Owner managers of unincorporated enterprises	105000	F	144
Tasmania	Owner managers of unincorporated enterprises	105000	M	429
Tasmania	Owner managers of unincorporated enterprises	157500	F	248
Tasmania	Owner managers of unincorporated enterprises	157500	M	559
Tasmania	Owner managers of unincorporated enterprises	Inf	F	181
Tasmania	Owner managers of unincorporated enterprises	Inf	M	632
Tasmania	Status in employment not stated	0	F	16
Tasmania	Status in employment not stated	0	M	16
Tasmania	Status in employment not stated	7875	F	77
Tasmania	Status in employment not stated	7875	M	56
Tasmania	Status in employment not stated	15750	F	98
Tasmania	Status in employment not stated	15750	M	78
Tasmania	Status in employment not stated	21000	F	119
Tasmania	Status in employment not stated	21000	M	94
Tasmania	Status in employment not stated	26250	F	146
Tasmania	Status in employment not stated	26250	M	110
Tasmania	Status in employment not stated	34125	F	159
Tasmania	Status in employment not stated	34125	M	135
Tasmania	Status in employment not stated	42000	F	125
Tasmania	Status in employment not stated	42000	M	174
Tasmania	Status in employment not stated	52500	F	105
Tasmania	Status in employment not stated	52500	M	168
Tasmania	Status in employment not stated	65625	F	83
Tasmania	Status in employment not stated	65625	M	154
Tasmania	Status in employment not stated	78750	F	40
Tasmania	Status in employment not stated	78750	M	92
Tasmania	Status in employment not stated	91875	F	27
Tasmania	Status in employment not stated	91875	M	64
Tasmania	Status in employment not stated	105000	F	13
Tasmania	Status in employment not stated	105000	M	57
Tasmania	Status in employment not stated	157500	F	16
Tasmania	Status in employment not stated	157500	M	61
Tasmania	Status in employment not stated	Inf	F	25
Tasmania	Status in employment not stated	Inf	M	30
Northern Territory	Contributing family workers	0	F	105
Northern Territory	Contributing family workers	0	M	84
Northern Territory	Contributing family workers	7875	F	26
Northern Territory	Contributing family workers	7875	M	23
Northern Territory	Contributing family workers	15750	F	42
Northern Territory	Contributing family workers	15750	M	36
Northern Territory	Contributing family workers	21000	F	31
Northern Territory	Contributing family workers	21000	M	28
Northern Territory	Contributing family workers	26250	F	33
Northern Territory	Contributing family workers	26250	M	28
Northern Territory	Contributing family workers	34125	F	36
Northern Territory	Contributing family workers	34125	M	28
Northern Territory	Contributing family workers	42000	F	42
Northern Territory	Contributing family workers	42000	M	42
Northern Territory	Contributing family workers	52500	F	30
Northern Territory	Contributing family workers	52500	M	32
Northern Territory	Contributing family workers	65625	F	28
Northern Territory	Contributing family workers	65625	M	43
Northern Territory	Contributing family workers	78750	F	28
Northern Territory	Contributing family workers	78750	M	30
Northern Territory	Contributing family workers	91875	F	12
Northern Territory	Contributing family workers	91875	M	25
Northern Territory	Contributing family workers	105000	F	5
Northern Territory	Contributing family workers	105000	M	4
Northern Territory	Contributing family workers	157500	F	13
Northern Territory	Contributing family workers	157500	M	10
Northern Territory	Contributing family workers	Inf	F	7
Northern Territory	Contributing family workers	Inf	M	19
Northern Territory	Employee	0	F	221
Northern Territory	Employee	0	M	189
Northern Territory	Employee	7875	F	1157
Northern Territory	Employee	7875	M	904
Northern Territory	Employee	15750	F	1515
Northern Territory	Employee	15750	M	1051
Northern Territory	Employee	21000	F	1480
Northern Territory	Employee	21000	M	893
Northern Territory	Employee	26250	F	1876
Northern Territory	Employee	26250	M	1130
Northern Territory	Employee	34125	F	3209
Northern Territory	Employee	34125	M	2052
Northern Territory	Employee	42000	F	4332
Northern Territory	Employee	42000	M	2923
Northern Territory	Employee	52500	F	5524
Northern Territory	Employee	52500	M	4856
Northern Territory	Employee	65625	F	6740
Northern Territory	Employee	65625	M	6860
Northern Territory	Employee	78750	F	5216
Northern Territory	Employee	78750	M	6001
Northern Territory	Employee	91875	F	4406
Northern Territory	Employee	91875	M	5503
Northern Territory	Employee	105000	F	3259
Northern Territory	Employee	105000	M	4707
Northern Territory	Employee	157500	F	3773
Northern Territory	Employee	157500	M	9394
Northern Territory	Employee	Inf	F	985
Northern Territory	Employee	Inf	M	6001
Northern Territory	Owner managers of incorporated enterprises	0	F	7
Northern Territory	Owner managers of incorporated enterprises	0	M	21
Northern Territory	Owner managers of incorporated enterprises	7875	F	9
Northern Territory	Owner managers of incorporated enterprises	7875	M	14
Northern Territory	Owner managers of incorporated enterprises	15750	F	32
Northern Territory	Owner managers of incorporated enterprises	15750	M	24
Northern Territory	Owner managers of incorporated enterprises	21000	F	18
Northern Territory	Owner managers of incorporated enterprises	21000	M	36
Northern Territory	Owner managers of incorporated enterprises	26250	F	54
Northern Territory	Owner managers of incorporated enterprises	26250	M	57
Northern Territory	Owner managers of incorporated enterprises	34125	F	105
Northern Territory	Owner managers of incorporated enterprises	34125	M	112
Northern Territory	Owner managers of incorporated enterprises	42000	F	127
Northern Territory	Owner managers of incorporated enterprises	42000	M	159
Northern Territory	Owner managers of incorporated enterprises	52500	F	156
Northern Territory	Owner managers of incorporated enterprises	52500	M	239
Northern Territory	Owner managers of incorporated enterprises	65625	F	213
Northern Territory	Owner managers of incorporated enterprises	65625	M	368
Northern Territory	Owner managers of incorporated enterprises	78750	F	150
Northern Territory	Owner managers of incorporated enterprises	78750	M	388
Northern Territory	Owner managers of incorporated enterprises	91875	F	203
Northern Territory	Owner managers of incorporated enterprises	91875	M	473
Northern Territory	Owner managers of incorporated enterprises	105000	F	97
Northern Territory	Owner managers of incorporated enterprises	105000	M	312
Northern Territory	Owner managers of incorporated enterprises	157500	F	153
Northern Territory	Owner managers of incorporated enterprises	157500	M	493
Northern Territory	Owner managers of incorporated enterprises	Inf	F	137
Northern Territory	Owner managers of incorporated enterprises	Inf	M	498
Northern Territory	Owner managers of unincorporated enterprises	0	F	22
Northern Territory	Owner managers of unincorporated enterprises	0	M	29
Northern Territory	Owner managers of unincorporated enterprises	7875	F	71
Northern Territory	Owner managers of unincorporated enterprises	7875	M	36
Northern Territory	Owner managers of unincorporated enterprises	15750	F	131
Northern Territory	Owner managers of unincorporated enterprises	15750	M	81
Northern Territory	Owner managers of unincorporated enterprises	21000	F	130
Northern Territory	Owner managers of unincorporated enterprises	21000	M	116
Northern Territory	Owner managers of unincorporated enterprises	26250	F	133
Northern Territory	Owner managers of unincorporated enterprises	26250	M	129
Northern Territory	Owner managers of unincorporated enterprises	34125	F	206
Northern Territory	Owner managers of unincorporated enterprises	34125	M	250
Northern Territory	Owner managers of unincorporated enterprises	42000	F	199
Northern Territory	Owner managers of unincorporated enterprises	42000	M	256
Northern Territory	Owner managers of unincorporated enterprises	52500	F	245
Northern Territory	Owner managers of unincorporated enterprises	52500	M	328
Northern Territory	Owner managers of unincorporated enterprises	65625	F	199
Northern Territory	Owner managers of unincorporated enterprises	65625	M	401
Northern Territory	Owner managers of unincorporated enterprises	78750	F	148
Northern Territory	Owner managers of unincorporated enterprises	78750	M	338
Northern Territory	Owner managers of unincorporated enterprises	91875	F	103
Northern Territory	Owner managers of unincorporated enterprises	91875	M	291
Northern Territory	Owner managers of unincorporated enterprises	105000	F	69
Northern Territory	Owner managers of unincorporated enterprises	105000	M	223
Northern Territory	Owner managers of unincorporated enterprises	157500	F	111
Northern Territory	Owner managers of unincorporated enterprises	157500	M	278
Northern Territory	Owner managers of unincorporated enterprises	Inf	F	98
Northern Territory	Owner managers of unincorporated enterprises	Inf	M	196
Northern Territory	Status in employment not stated	0	F	14
Northern Territory	Status in employment not stated	0	M	14
Northern Territory	Status in employment not stated	7875	F	19
Northern Territory	Status in employment not stated	7875	M	10
Northern Territory	Status in employment not stated	15750	F	28
Northern Territory	Status in employment not stated	15750	M	15
Northern Territory	Status in employment not stated	21000	F	17
Northern Territory	Status in employment not stated	21000	M	25
Northern Territory	Status in employment not stated	26250	F	29
Northern Territory	Status in employment not stated	26250	M	23
Northern Territory	Status in employment not stated	34125	F	46
Northern Territory	Status in employment not stated	34125	M	41
Northern Territory	Status in employment not stated	42000	F	51
Northern Territory	Status in employment not stated	42000	M	41
Northern Territory	Status in employment not stated	52500	F	51
Northern Territory	Status in employment not stated	52500	M	64
Northern Territory	Status in employment not stated	65625	F	57
Northern Territory	Status in employment not stated	65625	M	85
Northern Territory	Status in employment not stated	78750	F	42
Northern Territory	Status in employment not stated	78750	M	57
Northern Territory	Status in employment not stated	91875	F	30
Northern Territory	Status in employment not stated	91875	M	51
Northern Territory	Status in employment not stated	105000	F	24
Northern Territory	Status in employment not stated	105000	M	25
Northern Territory	Status in employment not stated	157500	F	21
Northern Territory	Status in employment not stated	157500	M	64
Northern Territory	Status in employment not stated	Inf	F	9
Northern Territory	Status in employment not stated	Inf	M	36
Australian Capital Territory	Contributing family workers	0	F	135
Australian Capital Territory	Contributing family workers	0	M	133
Australian Capital Territory	Contributing family workers	7875	F	58
Australian Capital Territory	Contributing family workers	7875	M	43
Australian Capital Territory	Contributing family workers	15750	F	66
Australian Capital Territory	Contributing family workers	15750	M	35
Australian Capital Territory	Contributing family workers	21000	F	62
Australian Capital Territory	Contributing family workers	21000	M	47
Australian Capital Territory	Contributing family workers	26250	F	59
Australian Capital Territory	Contributing family workers	26250	M	47
Australian Capital Territory	Contributing family workers	34125	F	61
Australian Capital Territory	Contributing family workers	34125	M	58
Australian Capital Territory	Contributing family workers	42000	F	60
Australian Capital Territory	Contributing family workers	42000	M	45
Australian Capital Territory	Contributing family workers	52500	F	45
Australian Capital Territory	Contributing family workers	52500	M	56
Australian Capital Territory	Contributing family workers	65625	F	31
Australian Capital Territory	Contributing family workers	65625	M	62
Australian Capital Territory	Contributing family workers	78750	F	19
Australian Capital Territory	Contributing family workers	78750	M	33
Australian Capital Territory	Contributing family workers	91875	F	25
Australian Capital Territory	Contributing family workers	91875	M	23
Australian Capital Territory	Contributing family workers	105000	F	15
Australian Capital Territory	Contributing family workers	105000	M	13
Australian Capital Territory	Contributing family workers	157500	F	24
Australian Capital Territory	Contributing family workers	157500	M	36
Australian Capital Territory	Contributing family workers	Inf	F	13
Australian Capital Territory	Contributing family workers	Inf	M	27
Australian Capital Territory	Employee	0	F	309
Australian Capital Territory	Employee	0	M	235
Australian Capital Territory	Employee	7875	F	3902
Australian Capital Territory	Employee	7875	M	2773
Australian Capital Territory	Employee	15750	F	3753
Australian Capital Territory	Employee	15750	M	2357
Australian Capital Territory	Employee	21000	F	3385
Australian Capital Territory	Employee	21000	M	1980
Australian Capital Territory	Employee	26250	F	3894
Australian Capital Territory	Employee	26250	M	2547
Australian Capital Territory	Employee	34125	F	6081
Australian Capital Territory	Employee	34125	M	3903
Australian Capital Territory	Employee	42000	F	7757
Australian Capital Territory	Employee	42000	M	5371
Australian Capital Territory	Employee	52500	F	9702
Australian Capital Territory	Employee	52500	M	8236
Australian Capital Territory	Employee	65625	F	13037
Australian Capital Territory	Employee	65625	M	11012
Australian Capital Territory	Employee	78750	F	13601
Australian Capital Territory	Employee	78750	M	10745
Australian Capital Territory	Employee	91875	F	12893
Australian Capital Territory	Employee	91875	M	11213
Australian Capital Territory	Employee	105000	F	8096
Australian Capital Territory	Employee	105000	M	8714
Australian Capital Territory	Employee	157500	F	14176
Australian Capital Territory	Employee	157500	M	21000
Australian Capital Territory	Employee	Inf	F	3501
Australian Capital Territory	Employee	Inf	M	9435
Australian Capital Territory	Owner managers of incorporated enterprises	0	F	21
Australian Capital Territory	Owner managers of incorporated enterprises	0	M	40
Australian Capital Territory	Owner managers of incorporated enterprises	7875	F	35
Australian Capital Territory	Owner managers of incorporated enterprises	7875	M	24
Australian Capital Territory	Owner managers of incorporated enterprises	15750	F	67
Australian Capital Territory	Owner managers of incorporated enterprises	15750	M	62
Australian Capital Territory	Owner managers of incorporated enterprises	21000	F	92
Australian Capital Territory	Owner managers of incorporated enterprises	21000	M	83
Australian Capital Territory	Owner managers of incorporated enterprises	26250	F	107
Australian Capital Territory	Owner managers of incorporated enterprises	26250	M	125
Australian Capital Territory	Owner managers of incorporated enterprises	34125	F	190
Australian Capital Territory	Owner managers of incorporated enterprises	34125	M	273
Australian Capital Territory	Owner managers of incorporated enterprises	42000	F	201
Australian Capital Territory	Owner managers of incorporated enterprises	42000	M	412
Australian Capital Territory	Owner managers of incorporated enterprises	52500	F	241
Australian Capital Territory	Owner managers of incorporated enterprises	52500	M	573
Australian Capital Territory	Owner managers of incorporated enterprises	65625	F	290
Australian Capital Territory	Owner managers of incorporated enterprises	65625	M	846
Australian Capital Territory	Owner managers of incorporated enterprises	78750	F	222
Australian Capital Territory	Owner managers of incorporated enterprises	78750	M	694
Australian Capital Territory	Owner managers of incorporated enterprises	91875	F	279
Australian Capital Territory	Owner managers of incorporated enterprises	91875	M	806
Australian Capital Territory	Owner managers of incorporated enterprises	105000	F	153
Australian Capital Territory	Owner managers of incorporated enterprises	105000	M	546
Australian Capital Territory	Owner managers of incorporated enterprises	157500	F	310
Australian Capital Territory	Owner managers of incorporated enterprises	157500	M	1061
Australian Capital Territory	Owner managers of incorporated enterprises	Inf	F	389
Australian Capital Territory	Owner managers of incorporated enterprises	Inf	M	1726
Australian Capital Territory	Owner managers of unincorporated enterprises	0	F	43
Australian Capital Territory	Owner managers of unincorporated enterprises	0	M	45
Australian Capital Territory	Owner managers of unincorporated enterprises	7875	F	214
Australian Capital Territory	Owner managers of unincorporated enterprises	7875	M	121
Australian Capital Territory	Owner managers of unincorporated enterprises	15750	F	298
Australian Capital Territory	Owner managers of unincorporated enterprises	15750	M	167
Australian Capital Territory	Owner managers of unincorporated enterprises	21000	F	257
Australian Capital Territory	Owner managers of unincorporated enterprises	21000	M	261
Australian Capital Territory	Owner managers of unincorporated enterprises	26250	F	288
Australian Capital Territory	Owner managers of unincorporated enterprises	26250	M	288
Australian Capital Territory	Owner managers of unincorporated enterprises	34125	F	376
Australian Capital Territory	Owner managers of unincorporated enterprises	34125	M	461
Australian Capital Territory	Owner managers of unincorporated enterprises	42000	F	344
Australian Capital Territory	Owner managers of unincorporated enterprises	42000	M	496
Australian Capital Territory	Owner managers of unincorporated enterprises	52500	F	386
Australian Capital Territory	Owner managers of unincorporated enterprises	52500	M	648
Australian Capital Territory	Owner managers of unincorporated enterprises	65625	F	332
Australian Capital Territory	Owner managers of unincorporated enterprises	65625	M	777
Australian Capital Territory	Owner managers of unincorporated enterprises	78750	F	231
Australian Capital Territory	Owner managers of unincorporated enterprises	78750	M	559
Australian Capital Territory	Owner managers of unincorporated enterprises	91875	F	197
Australian Capital Territory	Owner managers of unincorporated enterprises	91875	M	460
Australian Capital Territory	Owner managers of unincorporated enterprises	105000	F	105
Australian Capital Territory	Owner managers of unincorporated enterprises	105000	M	312
Australian Capital Territory	Owner managers of unincorporated enterprises	157500	F	179
Australian Capital Territory	Owner managers of unincorporated enterprises	157500	M	464
Australian Capital Territory	Owner managers of unincorporated enterprises	Inf	F	228
Australian Capital Territory	Owner managers of unincorporated enterprises	Inf	M	586
Australian Capital Territory	Status in employment not stated	0	F	8
Australian Capital Territory	Status in employment not stated	0	M	8
Australian Capital Territory	Status in employment not stated	7875	F	28
Australian Capital Territory	Status in employment not stated	7875	M	26
Australian Capital Territory	Status in employment not stated	15750	F	27
Australian Capital Territory	Status in employment not stated	15750	M	13
Australian Capital Territory	Status in employment not stated	21000	F	42
Australian Capital Territory	Status in employment not stated	21000	M	16
Australian Capital Territory	Status in employment not stated	26250	F	48
Australian Capital Territory	Status in employment not stated	26250	M	42
Australian Capital Territory	Status in employment not stated	34125	F	49
Australian Capital Territory	Status in employment not stated	34125	M	54
Australian Capital Territory	Status in employment not stated	42000	F	59
Australian Capital Territory	Status in employment not stated	42000	M	55
Australian Capital Territory	Status in employment not stated	52500	F	56
Australian Capital Territory	Status in employment not stated	52500	M	73
Australian Capital Territory	Status in employment not stated	65625	F	51
Australian Capital Territory	Status in employment not stated	65625	M	77
Australian Capital Territory	Status in employment not stated	78750	F	37
Australian Capital Territory	Status in employment not stated	78750	M	62
Australian Capital Territory	Status in employment not stated	91875	F	40
Australian Capital Territory	Status in employment not stated	91875	M	35
Australian Capital Territory	Status in employment not stated	105000	F	23
Australian Capital Territory	Status in employment not stated	105000	M	35
Australian Capital Territory	Status in employment not stated	157500	F	22
Australian Capital Territory	Status in employment not stated	157500	M	60
Australian Capital Territory	Status in employment not stated	Inf	F	27
Australian Capital Territory	Status in employment not stated	Inf	M	58
Other Territories	Contributing family workers	0	F	3
Other Territories	Contributing family workers	0	M	6
Other Territories	Contributing family workers	7875	F	3
Other Territories	Contributing family workers	15750	M	3
Other Territories	Contributing family workers	21000	F	3
Other Territories	Contributing family workers	21000	M	3
Other Territories	Contributing family workers	26250	M	4
Other Territories	Contributing family workers	34125	M	3
Other Territories	Contributing family workers	42000	F	3
Other Territories	Contributing family workers	42000	M	3
Other Territories	Contributing family workers	52500	M	3
Other Territories	Contributing family workers	78750	M	4
Other Territories	Employee	0	F	8
Other Territories	Employee	0	M	3
Other Territories	Employee	7875	F	23
Other Territories	Employee	7875	M	17
Other Territories	Employee	15750	F	50
Other Territories	Employee	15750	M	20
Other Territories	Employee	21000	F	65
Other Territories	Employee	21000	M	18
Other Territories	Employee	26250	F	62
Other Territories	Employee	26250	M	32
Other Territories	Employee	34125	F	123
Other Territories	Employee	34125	M	80
Other Territories	Employee	42000	F	136
Other Territories	Employee	42000	M	133
Other Territories	Employee	52500	F	115
Other Territories	Employee	52500	M	157
Other Territories	Employee	65625	F	106
Other Territories	Employee	65625	M	158
Other Territories	Employee	78750	F	76
Other Territories	Employee	78750	M	125
Other Territories	Employee	91875	F	68
Other Territories	Employee	91875	M	137
Other Territories	Employee	105000	F	54
Other Territories	Employee	105000	M	129
Other Territories	Employee	157500	F	62
Other Territories	Employee	157500	M	189
Other Territories	Employee	Inf	F	13
Other Territories	Employee	Inf	M	113
Other Territories	Owner managers of incorporated enterprises	26250	F	3
Other Territories	Owner managers of incorporated enterprises	26250	M	3
Other Territories	Owner managers of incorporated enterprises	34125	M	3
Other Territories	Owner managers of incorporated enterprises	42000	M	4
Other Territories	Owner managers of incorporated enterprises	52500	F	4
Other Territories	Owner managers of incorporated enterprises	52500	M	7
Other Territories	Owner managers of incorporated enterprises	65625	F	6
Other Territories	Owner managers of incorporated enterprises	65625	M	9
Other Territories	Owner managers of incorporated enterprises	78750	F	4
Other Territories	Owner managers of incorporated enterprises	78750	M	7
Other Territories	Owner managers of incorporated enterprises	91875	F	3
Other Territories	Owner managers of incorporated enterprises	91875	M	5
Other Territories	Owner managers of incorporated enterprises	105000	M	5
Other Territories	Owner managers of incorporated enterprises	157500	F	3
Other Territories	Owner managers of incorporated enterprises	157500	M	6
Other Territories	Owner managers of incorporated enterprises	Inf	F	5
Other Territories	Owner managers of incorporated enterprises	Inf	M	14
Other Territories	Owner managers of unincorporated enterprises	0	M	3
Other Territories	Owner managers of unincorporated enterprises	7875	F	3
Other Territories	Owner managers of unincorporated enterprises	15750	F	3
Other Territories	Owner managers of unincorporated enterprises	15750	M	8
Other Territories	Owner managers of unincorporated enterprises	21000	F	15
Other Territories	Owner managers of unincorporated enterprises	21000	M	10
Other Territories	Owner managers of unincorporated enterprises	26250	F	23
Other Territories	Owner managers of unincorporated enterprises	26250	M	12
Other Territories	Owner managers of unincorporated enterprises	34125	F	16
Other Territories	Owner managers of unincorporated enterprises	34125	M	19
Other Territories	Owner managers of unincorporated enterprises	42000	F	4
Other Territories	Owner managers of unincorporated enterprises	42000	M	14
Other Territories	Owner managers of unincorporated enterprises	52500	F	13
Other Territories	Owner managers of unincorporated enterprises	52500	M	21
Other Territories	Owner managers of unincorporated enterprises	65625	F	16
Other Territories	Owner managers of unincorporated enterprises	65625	M	22
Other Territories	Owner managers of unincorporated enterprises	78750	F	8
Other Territories	Owner managers of unincorporated enterprises	78750	M	10
Other Territories	Owner managers of unincorporated enterprises	91875	F	5
Other Territories	Owner managers of unincorporated enterprises	91875	M	13
Other Territories	Owner managers of unincorporated enterprises	105000	F	4
Other Territories	Owner managers of unincorporated enterprises	105000	M	6
Other Territories	Owner managers of unincorporated enterprises	157500	M	13
Other Territories	Owner managers of unincorporated enterprises	Inf	M	6
Other Territories	Status in employment not stated	7875	F	3
Other Territories	Status in employment not stated	21000	M	3
Other Territories	Status in employment not stated	26250	F	6
Other Territories	Status in employment not stated	34125	F	3
Other Territories	Status in employment not stated	34125	M	5
Other Territories	Status in employment not stated	42000	F	4
Other Territories	Status in employment not stated	42000	M	3
Other Territories	Status in employment not stated	52500	M	3
Other Territories	Status in employment not stated	65625	F	3
Other Territories	Status in employment not stated	65625	M	6
Other Territories	Status in employment not stated	78750	M	5
Other Territories	Status in employment not stated	91875	F	3
Other Territories	Status in employment not stated	157500	M	4
