SA3_NAME16	YearOfArrival.max	workers_born_overseas
Queanbeyan	1991	1124
Queanbeyan	1995	151
Queanbeyan	2000	193
Queanbeyan	2005	263
Queanbeyan	2010	625
Queanbeyan	2015	507
Queanbeyan	2016	36
Queanbeyan		70
Snowy Mountains	1991	589
Snowy Mountains	1995	76
Snowy Mountains	2000	77
Snowy Mountains	2005	84
Snowy Mountains	2010	140
Snowy Mountains	2015	203
Snowy Mountains	2016	42
Snowy Mountains		79
South Coast	1991	1630
South Coast	1995	155
South Coast	2000	172
South Coast	2005	212
South Coast	2010	235
South Coast	2015	200
South Coast	2016	23
South Coast		121
Goulburn - Mulwaree	1991	582
Goulburn - Mulwaree	1995	73
Goulburn - Mulwaree	2000	86
Goulburn - Mulwaree	2005	107
Goulburn - Mulwaree	2010	248
Goulburn - Mulwaree	2015	207
Goulburn - Mulwaree	2016	27
Goulburn - Mulwaree		52
Young - Yass	1991	482
Young - Yass	1995	51
Young - Yass	2000	84
Young - Yass	2005	99
Young - Yass	2010	130
Young - Yass	2015	150
Young - Yass	2016	13
Young - Yass		35
Gosford	1991	4665
Gosford	1995	728
Gosford	2000	994
Gosford	2005	1175
Gosford	2010	1407
Gosford	2015	1035
Gosford	2016	86
Gosford		274
Wyong	1991	3069
Wyong	1995	443
Wyong	2000	615
Wyong	2005	615
Wyong	2010	793
Wyong	2015	653
Wyong	2016	30
Wyong		184
Bathurst	1991	840
Bathurst	1995	124
Bathurst	2000	169
Bathurst	2005	165
Bathurst	2010	301
Bathurst	2015	275
Bathurst	2016	27
Bathurst		55
Lachlan Valley	1991	489
Lachlan Valley	1995	59
Lachlan Valley	2000	117
Lachlan Valley	2005	119
Lachlan Valley	2010	227
Lachlan Valley	2015	216
Lachlan Valley	2016	13
Lachlan Valley		47
Lithgow - Mudgee	1991	802
Lithgow - Mudgee	1995	82
Lithgow - Mudgee	2000	102
Lithgow - Mudgee	2005	142
Lithgow - Mudgee	2010	201
Lithgow - Mudgee	2015	134
Lithgow - Mudgee	2016	6
Lithgow - Mudgee		55
Orange	1991	967
Orange	1995	138
Orange	2000	190
Orange	2005	259
Orange	2010	489
Orange	2015	459
Orange	2016	23
Orange		66
Clarence Valley	1991	706
Clarence Valley	1995	65
Clarence Valley	2000	85
Clarence Valley	2005	103
Clarence Valley	2010	147
Clarence Valley	2015	139
Clarence Valley	2016	5
Clarence Valley		50
Coffs Harbour	1991	2088
Coffs Harbour	1995	273
Coffs Harbour	2000	378
Coffs Harbour	2005	422
Coffs Harbour	2010	831
Coffs Harbour	2015	771
Coffs Harbour	2016	66
Coffs Harbour		163
Bourke - Cobar - Coonamble	1991	259
Bourke - Cobar - Coonamble	1995	45
Bourke - Cobar - Coonamble	2000	48
Bourke - Cobar - Coonamble	2005	60
Bourke - Cobar - Coonamble	2010	185
Bourke - Cobar - Coonamble	2015	153
Bourke - Cobar - Coonamble	2016	11
Bourke - Cobar - Coonamble		31
Broken Hill and Far West	1991	183
Broken Hill and Far West	1995	29
Broken Hill and Far West	2000	29
Broken Hill and Far West	2005	37
Broken Hill and Far West	2010	94
Broken Hill and Far West	2015	83
Broken Hill and Far West	2016	4
Broken Hill and Far West		11
Dubbo	1991	791
Dubbo	1995	101
Dubbo	2000	130
Dubbo	2005	205
Dubbo	2010	605
Dubbo	2015	506
Dubbo	2016	44
Dubbo		56
Lower Hunter	1991	1291
Lower Hunter	1995	164
Lower Hunter	2000	236
Lower Hunter	2005	291
Lower Hunter	2010	437
Lower Hunter	2015	293
Lower Hunter	2016	10
Lower Hunter		84
Maitland	1991	1024
Maitland	1995	153
Maitland	2000	204
Maitland	2005	293
Maitland	2010	453
Maitland	2015	347
Maitland	2016	11
Maitland		48
Port Stephens	1991	1466
Port Stephens	1995	165
Port Stephens	2000	263
Port Stephens	2005	309
Port Stephens	2010	509
Port Stephens	2015	309
Port Stephens	2016	26
Port Stephens		106
Upper Hunter	1991	479
Upper Hunter	1995	74
Upper Hunter	2000	119
Upper Hunter	2005	110
Upper Hunter	2010	298
Upper Hunter	2015	356
Upper Hunter	2016	24
Upper Hunter		38
Dapto - Port Kembla	1991	3166
Dapto - Port Kembla	1995	267
Dapto - Port Kembla	2000	322
Dapto - Port Kembla	2005	359
Dapto - Port Kembla	2010	473
Dapto - Port Kembla	2015	426
Dapto - Port Kembla	2016	27
Dapto - Port Kembla		149
Illawarra Catchment Reserve	2000	3
Kiama - Shellharbour	1991	1925
Kiama - Shellharbour	1995	188
Kiama - Shellharbour	2000	238
Kiama - Shellharbour	2005	280
Kiama - Shellharbour	2010	408
Kiama - Shellharbour	2015	350
Kiama - Shellharbour	2016	17
Kiama - Shellharbour		84
Wollongong	1991	4894
Wollongong	1995	663
Wollongong	2000	846
Wollongong	2005	967
Wollongong	2010	1303
Wollongong	2015	1488
Wollongong	2016	108
Wollongong		235
Great Lakes	1991	485
Great Lakes	1995	41
Great Lakes	2000	70
Great Lakes	2005	68
Great Lakes	2010	90
Great Lakes	2015	83
Great Lakes	2016	10
Great Lakes		39
Kempsey - Nambucca	1991	747
Kempsey - Nambucca	1995	81
Kempsey - Nambucca	2000	95
Kempsey - Nambucca	2005	113
Kempsey - Nambucca	2010	138
Kempsey - Nambucca	2015	169
Kempsey - Nambucca	2016	9
Kempsey - Nambucca		67
Lord Howe Island	1991	17
Lord Howe Island	2000	6
Lord Howe Island	2005	7
Lord Howe Island	2010	3
Lord Howe Island	2015	6
Port Macquarie	1991	1573
Port Macquarie	1995	174
Port Macquarie	2000	311
Port Macquarie	2005	352
Port Macquarie	2010	434
Port Macquarie	2015	359
Port Macquarie	2016	16
Port Macquarie		97
Taree - Gloucester	1991	802
Taree - Gloucester	1995	64
Taree - Gloucester	2000	124
Taree - Gloucester	2005	151
Taree - Gloucester	2010	213
Taree - Gloucester	2015	153
Taree - Gloucester	2016	5
Taree - Gloucester		51
Albury	1991	1194
Albury	1995	128
Albury	2000	189
Albury	2005	279
Albury	2010	641
Albury	2015	432
Albury	2016	32
Albury		64
Lower Murray	1991	167
Lower Murray	1995	24
Lower Murray	2000	39
Lower Murray	2005	30
Lower Murray	2010	74
Lower Murray	2015	81
Lower Murray	2016	22
Lower Murray		36
Upper Murray exc. Albury	1991	488
Upper Murray exc. Albury	1995	41
Upper Murray exc. Albury	2000	70
Upper Murray exc. Albury	2005	107
Upper Murray exc. Albury	2010	210
Upper Murray exc. Albury	2015	270
Upper Murray exc. Albury	2016	30
Upper Murray exc. Albury		53
Armidale	1991	668
Armidale	1995	105
Armidale	2000	174
Armidale	2005	172
Armidale	2010	308
Armidale	2015	408
Armidale	2016	51
Armidale		59
Inverell - Tenterfield	1991	419
Inverell - Tenterfield	1995	50
Inverell - Tenterfield	2000	65
Inverell - Tenterfield	2005	81
Inverell - Tenterfield	2010	139
Inverell - Tenterfield	2015	171
Inverell - Tenterfield	2016	3
Inverell - Tenterfield		45
Moree - Narrabri	1991	273
Moree - Narrabri	1995	31
Moree - Narrabri	2000	53
Moree - Narrabri	2005	64
Moree - Narrabri	2010	158
Moree - Narrabri	2015	178
Moree - Narrabri	2016	6
Moree - Narrabri		20
Tamworth - Gunnedah	1991	883
Tamworth - Gunnedah	1995	143
Tamworth - Gunnedah	2000	170
Tamworth - Gunnedah	2005	215
Tamworth - Gunnedah	2010	474
Tamworth - Gunnedah	2015	697
Tamworth - Gunnedah	2016	75
Tamworth - Gunnedah		157
Lake Macquarie - East	1991	1788
Lake Macquarie - East	1995	271
Lake Macquarie - East	2000	384
Lake Macquarie - East	2005	418
Lake Macquarie - East	2010	649
Lake Macquarie - East	2015	613
Lake Macquarie - East	2016	29
Lake Macquarie - East		99
Lake Macquarie - West	1991	968
Lake Macquarie - West	1995	156
Lake Macquarie - West	2000	153
Lake Macquarie - West	2005	183
Lake Macquarie - West	2010	264
Lake Macquarie - West	2015	261
Lake Macquarie - West	2016	7
Lake Macquarie - West		56
Newcastle	1991	4802
Newcastle	1995	841
Newcastle	2000	957
Newcastle	2005	1356
Newcastle	2010	1967
Newcastle	2015	1999
Newcastle	2016	145
Newcastle		303
Richmond Valley - Coastal	1991	2039
Richmond Valley - Coastal	1995	304
Richmond Valley - Coastal	2000	406
Richmond Valley - Coastal	2005	509
Richmond Valley - Coastal	2010	665
Richmond Valley - Coastal	2015	628
Richmond Valley - Coastal	2016	64
Richmond Valley - Coastal		207
Richmond Valley - Hinterland	1991	1496
Richmond Valley - Hinterland	1995	203
Richmond Valley - Hinterland	2000	260
Richmond Valley - Hinterland	2005	305
Richmond Valley - Hinterland	2010	385
Richmond Valley - Hinterland	2015	283
Richmond Valley - Hinterland	2016	14
Richmond Valley - Hinterland		87
Tweed Valley	1991	1981
Tweed Valley	1995	278
Tweed Valley	2000	412
Tweed Valley	2005	506
Tweed Valley	2010	746
Tweed Valley	2015	543
Tweed Valley	2016	46
Tweed Valley		164
Griffith - Murrumbidgee (West)	1991	782
Griffith - Murrumbidgee (West)	1995	158
Griffith - Murrumbidgee (West)	2000	284
Griffith - Murrumbidgee (West)	2005	341
Griffith - Murrumbidgee (West)	2010	661
Griffith - Murrumbidgee (West)	2015	856
Griffith - Murrumbidgee (West)	2016	110
Griffith - Murrumbidgee (West)		178
Tumut - Tumbarumba	1991	232
Tumut - Tumbarumba	1995	31
Tumut - Tumbarumba	2000	34
Tumut - Tumbarumba	2005	53
Tumut - Tumbarumba	2010	114
Tumut - Tumbarumba	2015	97
Tumut - Tumbarumba	2016	9
Tumut - Tumbarumba		22
Wagga Wagga	1991	1089
Wagga Wagga	1995	191
Wagga Wagga	2000	309
Wagga Wagga	2005	405
Wagga Wagga	2010	789
Wagga Wagga	2015	998
Wagga Wagga	2016	63
Wagga Wagga		133
Shoalhaven	1991	2186
Shoalhaven	1995	251
Shoalhaven	2000	324
Shoalhaven	2005	377
Shoalhaven	2010	523
Shoalhaven	2015	423
Shoalhaven	2016	24
Shoalhaven		142
Southern Highlands	1991	1630
Southern Highlands	1995	157
Southern Highlands	2000	215
Southern Highlands	2005	245
Southern Highlands	2010	404
Southern Highlands	2015	278
Southern Highlands	2016	23
Southern Highlands		101
Baulkham Hills	1991	7200
Baulkham Hills	1995	2116
Baulkham Hills	2000	2811
Baulkham Hills	2005	3080
Baulkham Hills	2010	3636
Baulkham Hills	2015	3175
Baulkham Hills	2016	269
Baulkham Hills		359
Dural - Wisemans Ferry	1991	1121
Dural - Wisemans Ferry	1995	230
Dural - Wisemans Ferry	2000	314
Dural - Wisemans Ferry	2005	303
Dural - Wisemans Ferry	2010	402
Dural - Wisemans Ferry	2015	280
Dural - Wisemans Ferry	2016	11
Dural - Wisemans Ferry		65
Hawkesbury	1991	384
Hawkesbury	1995	37
Hawkesbury	2000	49
Hawkesbury	2005	44
Hawkesbury	2010	63
Hawkesbury	2015	46
Hawkesbury		20
Rouse Hill - McGraths Hill	1991	978
Rouse Hill - McGraths Hill	1995	220
Rouse Hill - McGraths Hill	2000	392
Rouse Hill - McGraths Hill	2005	351
Rouse Hill - McGraths Hill	2010	508
Rouse Hill - McGraths Hill	2015	427
Rouse Hill - McGraths Hill	2016	38
Rouse Hill - McGraths Hill		66
Blacktown	1991	6243
Blacktown	1995	1917
Blacktown	2000	2497
Blacktown	2005	2599
Blacktown	2010	3467
Blacktown	2015	2469
Blacktown	2016	199
Blacktown		349
Blacktown - North	1991	1588
Blacktown - North	1995	485
Blacktown - North	2000	700
Blacktown - North	2005	776
Blacktown - North	2010	1028
Blacktown - North	2015	695
Blacktown - North	2016	64
Blacktown - North		88
Mount Druitt	1991	6248
Mount Druitt	1995	1926
Mount Druitt	2000	2240
Mount Druitt	2005	2248
Mount Druitt	2010	2881
Mount Druitt	2015	2047
Mount Druitt	2016	111
Mount Druitt		347
Botany	1991	8625
Botany	1995	2131
Botany	2000	2756
Botany	2005	2959
Botany	2010	4416
Botany	2015	4666
Botany	2016	440
Botany		606
Marrickville - Sydenham - Petersham	1991	3895
Marrickville - Sydenham - Petersham	1995	922
Marrickville - Sydenham - Petersham	2000	1206
Marrickville - Sydenham - Petersham	2005	1175
Marrickville - Sydenham - Petersham	2010	1975
Marrickville - Sydenham - Petersham	2015	2160
Marrickville - Sydenham - Petersham	2016	218
Marrickville - Sydenham - Petersham		258
Sydney Inner City	1991	56159
Sydney Inner City	1995	18777
Sydney Inner City	2000	25413
Sydney Inner City	2005	30529
Sydney Inner City	2010	43127
Sydney Inner City	2015	54161
Sydney Inner City	2016	6280
Sydney Inner City		4949
Eastern Suburbs - North	1991	6291
Eastern Suburbs - North	1995	1534
Eastern Suburbs - North	2000	2253
Eastern Suburbs - North	2005	2357
Eastern Suburbs - North	2010	3901
Eastern Suburbs - North	2015	5444
Eastern Suburbs - North	2016	686
Eastern Suburbs - North		550
Eastern Suburbs - South	1991	5710
Eastern Suburbs - South	1995	1508
Eastern Suburbs - South	2000	1969
Eastern Suburbs - South	2005	2252
Eastern Suburbs - South	2010	3542
Eastern Suburbs - South	2015	4109
Eastern Suburbs - South	2016	415
Eastern Suburbs - South		396
Bankstown	1991	10682
Bankstown	1995	2784
Bankstown	2000	3183
Bankstown	2005	3138
Bankstown	2010	4101
Bankstown	2015	3360
Bankstown	2016	230
Bankstown		575
Canterbury	1991	5285
Canterbury	1995	1403
Canterbury	2000	1795
Canterbury	2005	1867
Canterbury	2010	2562
Canterbury	2015	2137
Canterbury	2016	154
Canterbury		332
Hurstville	1991	3882
Hurstville	1995	966
Hurstville	2000	1419
Hurstville	2005	1442
Hurstville	2010	1972
Hurstville	2015	1769
Hurstville	2016	144
Hurstville		252
Kogarah - Rockdale	1991	5041
Kogarah - Rockdale	1995	1173
Kogarah - Rockdale	2000	1490
Kogarah - Rockdale	2005	1609
Kogarah - Rockdale	2010	2578
Kogarah - Rockdale	2015	2394
Kogarah - Rockdale	2016	258
Kogarah - Rockdale		307
Canada Bay	1991	4694
Canada Bay	1995	1263
Canada Bay	2000	1796
Canada Bay	2005	2051
Canada Bay	2010	2921
Canada Bay	2015	2767
Canada Bay	2016	233
Canada Bay		293
Leichhardt	1991	2815
Leichhardt	1995	559
Leichhardt	2000	821
Leichhardt	2005	960
Leichhardt	2010	1423
Leichhardt	2015	1560
Leichhardt	2016	161
Leichhardt		168
Strathfield - Burwood - Ashfield	1991	8768
Strathfield - Burwood - Ashfield	1995	2289
Strathfield - Burwood - Ashfield	2000	2829
Strathfield - Burwood - Ashfield	2005	3049
Strathfield - Burwood - Ashfield	2010	4523
Strathfield - Burwood - Ashfield	2015	4348
Strathfield - Burwood - Ashfield	2016	443
Strathfield - Burwood - Ashfield		560
Chatswood - Lane Cove	1991	10264
Chatswood - Lane Cove	1995	3002
Chatswood - Lane Cove	2000	4329
Chatswood - Lane Cove	2005	5086
Chatswood - Lane Cove	2010	7247
Chatswood - Lane Cove	2015	7392
Chatswood - Lane Cove	2016	716
Chatswood - Lane Cove		675
Hornsby	1991	3155
Hornsby	1995	901
Hornsby	2000	1269
Hornsby	2005	1313
Hornsby	2010	1693
Hornsby	2015	1297
Hornsby	2016	100
Hornsby		175
Ku-ring-gai	1991	4257
Ku-ring-gai	1995	1064
Ku-ring-gai	2000	1504
Ku-ring-gai	2005	1578
Ku-ring-gai	2010	2113
Ku-ring-gai	2015	1736
Ku-ring-gai	2016	151
Ku-ring-gai		222
North Sydney - Mosman	1991	8965
North Sydney - Mosman	1995	2699
North Sydney - Mosman	2000	3878
North Sydney - Mosman	2005	4670
North Sydney - Mosman	2010	6832
North Sydney - Mosman	2015	8295
North Sydney - Mosman	2016	899
North Sydney - Mosman		656
Manly	1991	1445
Manly	1995	354
Manly	2000	579
Manly	2005	708
Manly	2010	1017
Manly	2015	1314
Manly	2016	146
Manly		140
Pittwater	1991	2373
Pittwater	1995	535
Pittwater	2000	732
Pittwater	2005	775
Pittwater	2010	1104
Pittwater	2015	968
Pittwater	2016	78
Pittwater		156
Warringah	1991	6391
Warringah	1995	1474
Warringah	2000	2369
Warringah	2005	2428
Warringah	2010	3571
Warringah	2015	3486
Warringah	2016	323
Warringah		420
Camden	1991	1894
Camden	1995	388
Camden	2000	442
Camden	2005	382
Camden	2010	528
Camden	2015	381
Camden	2016	26
Camden		96
Campbelltown (NSW)	1991	6390
Campbelltown (NSW)	1995	1646
Campbelltown (NSW)	2000	1860
Campbelltown (NSW)	2005	1772
Campbelltown (NSW)	2010	2230
Campbelltown (NSW)	2015	1709
Campbelltown (NSW)	2016	120
Campbelltown (NSW)		344
Wollondilly	1991	835
Wollondilly	1995	119
Wollondilly	2000	129
Wollondilly	2005	129
Wollondilly	2010	192
Wollondilly	2015	133
Wollondilly	2016	3
Wollondilly		35
Blue Mountains	1991	2130
Blue Mountains	1995	239
Blue Mountains	2000	316
Blue Mountains	2005	278
Blue Mountains	2010	342
Blue Mountains	2015	315
Blue Mountains	2016	34
Blue Mountains		81
Penrith	1991	5031
Penrith	1995	1072
Penrith	2000	1200
Penrith	2005	1245
Penrith	2010	1593
Penrith	2015	1269
Penrith	2016	81
Penrith		231
Richmond - Windsor	1991	1542
Richmond - Windsor	1995	312
Richmond - Windsor	2000	392
Richmond - Windsor	2005	365
Richmond - Windsor	2010	464
Richmond - Windsor	2015	391
Richmond - Windsor	2016	24
Richmond - Windsor		94
St Marys	1991	2488
St Marys	1995	637
St Marys	2000	725
St Marys	2005	756
St Marys	2010	985
St Marys	2015	709
St Marys	2016	41
St Marys		144
Auburn	1991	8344
Auburn	1995	2642
Auburn	2000	3444
Auburn	2005	3711
Auburn	2010	5314
Auburn	2015	4651
Auburn	2016	393
Auburn		570
Carlingford	1991	3178
Carlingford	1995	1054
Carlingford	2000	1245
Carlingford	2005	1269
Carlingford	2010	1528
Carlingford	2015	1307
Carlingford	2016	98
Carlingford		162
Merrylands - Guildford	1991	9150
Merrylands - Guildford	1995	2762
Merrylands - Guildford	2000	3062
Merrylands - Guildford	2005	2905
Merrylands - Guildford	2010	4087
Merrylands - Guildford	2015	3335
Merrylands - Guildford	2016	216
Merrylands - Guildford		563
Parramatta	1991	13527
Parramatta	1995	4561
Parramatta	2000	5300
Parramatta	2005	5839
Parramatta	2010	7454
Parramatta	2015	5864
Parramatta	2016	510
Parramatta		756
Pennant Hills - Epping	1991	1359
Pennant Hills - Epping	1995	431
Pennant Hills - Epping	2000	546
Pennant Hills - Epping	2005	623
Pennant Hills - Epping	2010	708
Pennant Hills - Epping	2015	691
Pennant Hills - Epping	2016	52
Pennant Hills - Epping		78
Ryde - Hunters Hill	1991	11986
Ryde - Hunters Hill	1995	4001
Ryde - Hunters Hill	2000	5292
Ryde - Hunters Hill	2005	6205
Ryde - Hunters Hill	2010	8186
Ryde - Hunters Hill	2015	7710
Ryde - Hunters Hill	2016	774
Ryde - Hunters Hill		737
Bringelly - Green Valley	1991	2499
Bringelly - Green Valley	1995	763
Bringelly - Green Valley	2000	757
Bringelly - Green Valley	2005	600
Bringelly - Green Valley	2010	692
Bringelly - Green Valley	2015	458
Bringelly - Green Valley	2016	25
Bringelly - Green Valley		155
Fairfield	1991	10788
Fairfield	1995	3214
Fairfield	2000	3111
Fairfield	2005	2607
Fairfield	2010	3405
Fairfield	2015	2678
Fairfield	2016	150
Fairfield		570
Liverpool	1991	8634
Liverpool	1995	2942
Liverpool	2000	2946
Liverpool	2005	2832
Liverpool	2010	3328
Liverpool	2015	2558
Liverpool	2016	161
Liverpool		480
Cronulla - Miranda - Caringbah	1991	3747
Cronulla - Miranda - Caringbah	1995	786
Cronulla - Miranda - Caringbah	2000	1025
Cronulla - Miranda - Caringbah	2005	1162
Cronulla - Miranda - Caringbah	2010	1685
Cronulla - Miranda - Caringbah	2015	1789
Cronulla - Miranda - Caringbah	2016	161
Cronulla - Miranda - Caringbah		237
Sutherland - Menai - Heathcote	1991	2557
Sutherland - Menai - Heathcote	1995	481
Sutherland - Menai - Heathcote	2000	636
Sutherland - Menai - Heathcote	2005	627
Sutherland - Menai - Heathcote	2010	887
Sutherland - Menai - Heathcote	2015	797
Sutherland - Menai - Heathcote	2016	49
Sutherland - Menai - Heathcote		121
Migratory - Offshore - Shipping (NSW)	1991	5
No usual address (NSW)	1991	15605
No usual address (NSW)	1995	3297
No usual address (NSW)	2000	4481
No usual address (NSW)	2005	3955
No usual address (NSW)	2010	4980
No usual address (NSW)	2015	5004
No usual address (NSW)	2016	519
No usual address (NSW)		1223
Ballarat	1991	1763
Ballarat	1995	196
Ballarat	2000	331
Ballarat	2005	534
Ballarat	2010	935
Ballarat	2015	700
Ballarat	2016	40
Ballarat		119
Creswick - Daylesford - Ballan	1991	487
Creswick - Daylesford - Ballan	1995	53
Creswick - Daylesford - Ballan	2000	79
Creswick - Daylesford - Ballan	2005	93
Creswick - Daylesford - Ballan	2010	217
Creswick - Daylesford - Ballan	2015	140
Creswick - Daylesford - Ballan	2016	7
Creswick - Daylesford - Ballan		41
Maryborough - Pyrenees	1991	310
Maryborough - Pyrenees	1995	24
Maryborough - Pyrenees	2000	29
Maryborough - Pyrenees	2005	36
Maryborough - Pyrenees	2010	85
Maryborough - Pyrenees	2015	74
Maryborough - Pyrenees		21
Bendigo	1991	1264
Bendigo	1995	150
Bendigo	2000	273
Bendigo	2005	391
Bendigo	2010	762
Bendigo	2015	515
Bendigo	2016	37
Bendigo		97
Heathcote - Castlemaine - Kyneton	1991	898
Heathcote - Castlemaine - Kyneton	1995	82
Heathcote - Castlemaine - Kyneton	2000	152
Heathcote - Castlemaine - Kyneton	2005	169
Heathcote - Castlemaine - Kyneton	2010	433
Heathcote - Castlemaine - Kyneton	2015	410
Heathcote - Castlemaine - Kyneton	2016	19
Heathcote - Castlemaine - Kyneton		90
Loddon - Elmore	1991	111
Loddon - Elmore	1995	11
Loddon - Elmore	2000	19
Loddon - Elmore	2005	18
Loddon - Elmore	2010	49
Loddon - Elmore	2015	71
Loddon - Elmore	2016	6
Loddon - Elmore		12
Barwon - West	1991	210
Barwon - West	1995	26
Barwon - West	2000	37
Barwon - West	2005	40
Barwon - West	2010	81
Barwon - West	2015	73
Barwon - West		16
Geelong	1991	5639
Geelong	1995	716
Geelong	2000	990
Geelong	2005	1390
Geelong	2010	2980
Geelong	2015	2138
Geelong	2016	163
Geelong		332
Surf Coast - Bellarine Peninsula	1991	1019
Surf Coast - Bellarine Peninsula	1995	91
Surf Coast - Bellarine Peninsula	2000	156
Surf Coast - Bellarine Peninsula	2005	222
Surf Coast - Bellarine Peninsula	2010	451
Surf Coast - Bellarine Peninsula	2015	361
Surf Coast - Bellarine Peninsula	2016	16
Surf Coast - Bellarine Peninsula		70
Upper Goulburn Valley	1991	1068
Upper Goulburn Valley	1995	111
Upper Goulburn Valley	2000	139
Upper Goulburn Valley	2005	179
Upper Goulburn Valley	2010	325
Upper Goulburn Valley	2015	354
Upper Goulburn Valley	2016	41
Upper Goulburn Valley		108
Wangaratta - Benalla	1991	837
Wangaratta - Benalla	1995	60
Wangaratta - Benalla	2000	116
Wangaratta - Benalla	2005	152
Wangaratta - Benalla	2010	245
Wangaratta - Benalla	2015	164
Wangaratta - Benalla	2016	9
Wangaratta - Benalla		42
Wodonga - Alpine	1991	1394
Wodonga - Alpine	1995	139
Wodonga - Alpine	2000	212
Wodonga - Alpine	2005	278
Wodonga - Alpine	2010	569
Wodonga - Alpine	2015	416
Wodonga - Alpine	2016	48
Wodonga - Alpine		101
Baw Baw	1991	862
Baw Baw	1995	74
Baw Baw	2000	146
Baw Baw	2005	164
Baw Baw	2010	311
Baw Baw	2015	195
Baw Baw	2016	7
Baw Baw		69
Gippsland - East	1991	813
Gippsland - East	1995	72
Gippsland - East	2000	105
Gippsland - East	2005	143
Gippsland - East	2010	223
Gippsland - East	2015	213
Gippsland - East	2016	6
Gippsland - East		63
Gippsland - South West	1991	1332
Gippsland - South West	1995	105
Gippsland - South West	2000	178
Gippsland - South West	2005	236
Gippsland - South West	2010	404
Gippsland - South West	2015	298
Gippsland - South West	2016	11
Gippsland - South West		98
Latrobe Valley	1991	1699
Latrobe Valley	1995	150
Latrobe Valley	2000	240
Latrobe Valley	2005	328
Latrobe Valley	2010	630
Latrobe Valley	2015	365
Latrobe Valley	2016	22
Latrobe Valley		119
Wellington	1991	774
Wellington	1995	83
Wellington	2000	117
Wellington	2005	145
Wellington	2010	329
Wellington	2015	301
Wellington	2016	17
Wellington		75
Brunswick - Coburg	1991	3042
Brunswick - Coburg	1995	560
Brunswick - Coburg	2000	628
Brunswick - Coburg	2005	766
Brunswick - Coburg	2010	1708
Brunswick - Coburg	2015	1705
Brunswick - Coburg	2016	154
Brunswick - Coburg		192
Darebin - South	1991	1551
Darebin - South	1995	277
Darebin - South	2000	363
Darebin - South	2005	430
Darebin - South	2010	895
Darebin - South	2015	931
Darebin - South	2016	53
Darebin - South		91
Essendon	1991	2225
Essendon	1995	454
Essendon	2000	491
Essendon	2005	570
Essendon	2010	1150
Essendon	2015	1161
Essendon	2016	79
Essendon		170
Melbourne City	1991	41472
Melbourne City	1995	10818
Melbourne City	2000	14806
Melbourne City	2005	22810
Melbourne City	2010	35575
Melbourne City	2015	40075
Melbourne City	2016	4228
Melbourne City		3267
Port Phillip	1991	8857
Port Phillip	1995	2202
Port Phillip	2000	2668
Port Phillip	2005	4224
Port Phillip	2010	7314
Port Phillip	2015	8171
Port Phillip	2016	844
Port Phillip		716
Stonnington - West	1991	3110
Stonnington - West	1995	731
Stonnington - West	2000	987
Stonnington - West	2005	1276
Stonnington - West	2010	2571
Stonnington - West	2015	3287
Stonnington - West	2016	347
Stonnington - West		299
Yarra	1991	7801
Yarra	1995	1805
Yarra	2000	2302
Yarra	2005	3518
Yarra	2010	5894
Yarra	2015	6883
Yarra	2016	669
Yarra		622
Boroondara	1991	7624
Boroondara	1995	1568
Boroondara	2000	2245
Boroondara	2005	2977
Boroondara	2010	4605
Boroondara	2015	4959
Boroondara	2016	405
Boroondara		481
Manningham - West	1991	2881
Manningham - West	1995	613
Manningham - West	2000	773
Manningham - West	2005	1084
Manningham - West	2010	1740
Manningham - West	2015	1504
Manningham - West	2016	99
Manningham - West		162
Whitehorse - West	1991	5438
Whitehorse - West	1995	1341
Whitehorse - West	2000	1743
Whitehorse - West	2005	2526
Whitehorse - West	2010	3993
Whitehorse - West	2015	3424
Whitehorse - West	2016	258
Whitehorse - West		287
Bayside	1991	3190
Bayside	1995	696
Bayside	2000	866
Bayside	2005	1066
Bayside	2010	1885
Bayside	2015	1720
Bayside	2016	129
Bayside		175
Glen Eira	1991	5063
Glen Eira	1995	1192
Glen Eira	2000	1418
Glen Eira	2005	1695
Glen Eira	2010	3061
Glen Eira	2015	2918
Glen Eira	2016	218
Glen Eira		276
Kingston	1991	7986
Kingston	1995	1821
Kingston	2000	2087
Kingston	2005	2707
Kingston	2010	4293
Kingston	2015	3490
Kingston	2016	225
Kingston		423
Stonnington - East	1991	2017
Stonnington - East	1995	477
Stonnington - East	2000	635
Stonnington - East	2005	889
Stonnington - East	2010	1494
Stonnington - East	2015	1495
Stonnington - East	2016	118
Stonnington - East		149
Banyule	1991	4230
Banyule	1995	822
Banyule	2000	924
Banyule	2005	1189
Banyule	2010	2050
Banyule	2015	1553
Banyule	2016	94
Banyule		238
Darebin - North	1991	4101
Darebin - North	1995	833
Darebin - North	2000	953
Darebin - North	2005	1254
Darebin - North	2010	2396
Darebin - North	2015	2147
Darebin - North	2016	178
Darebin - North		267
Nillumbik - Kinglake	1991	1164
Nillumbik - Kinglake	1995	175
Nillumbik - Kinglake	2000	189
Nillumbik - Kinglake	2005	305
Nillumbik - Kinglake	2010	412
Nillumbik - Kinglake	2015	312
Nillumbik - Kinglake	2016	23
Nillumbik - Kinglake		36
Whittlesea - Wallan	1991	5981
Whittlesea - Wallan	1995	1421
Whittlesea - Wallan	2000	1558
Whittlesea - Wallan	2005	2071
Whittlesea - Wallan	2010	4186
Whittlesea - Wallan	2015	3127
Whittlesea - Wallan	2016	170
Whittlesea - Wallan		386
Keilor	1991	3809
Keilor	1995	727
Keilor	2000	786
Keilor	2005	949
Keilor	2010	1952
Keilor	2015	1493
Keilor	2016	109
Keilor		266
Macedon Ranges	1991	500
Macedon Ranges	1995	45
Macedon Ranges	2000	91
Macedon Ranges	2005	109
Macedon Ranges	2010	151
Macedon Ranges	2015	86
Macedon Ranges	2016	7
Macedon Ranges		28
Moreland - North	1991	1858
Moreland - North	1995	392
Moreland - North	2000	500
Moreland - North	2005	549
Moreland - North	2010	1284
Moreland - North	2015	1049
Moreland - North	2016	48
Moreland - North		117
Sunbury	1991	650
Sunbury	1995	92
Sunbury	2000	129
Sunbury	2005	144
Sunbury	2010	203
Sunbury	2015	183
Sunbury	2016	7
Sunbury		44
Tullamarine - Broadmeadows	1991	9503
Tullamarine - Broadmeadows	1995	2387
Tullamarine - Broadmeadows	2000	2561
Tullamarine - Broadmeadows	2005	3233
Tullamarine - Broadmeadows	2010	6271
Tullamarine - Broadmeadows	2015	4806
Tullamarine - Broadmeadows	2016	296
Tullamarine - Broadmeadows		619
Knox	1991	7861
Knox	1995	1421
Knox	2000	1717
Knox	2005	2467
Knox	2010	3780
Knox	2015	2915
Knox	2016	171
Knox		355
Manningham - East	1991	530
Manningham - East	1995	94
Manningham - East	2000	107
Manningham - East	2005	122
Manningham - East	2010	189
Manningham - East	2015	163
Manningham - East	2016	13
Manningham - East		11
Maroondah	1991	4209
Maroondah	1995	764
Maroondah	2000	861
Maroondah	2005	1217
Maroondah	2010	2136
Maroondah	2015	1612
Maroondah	2016	110
Maroondah		206
Whitehorse - East	1991	2608
Whitehorse - East	1995	542
Whitehorse - East	2000	750
Whitehorse - East	2005	1005
Whitehorse - East	2010	1544
Whitehorse - East	2015	1304
Whitehorse - East	2016	88
Whitehorse - East		116
Yarra Ranges	1991	3716
Yarra Ranges	1995	453
Yarra Ranges	2000	593
Yarra Ranges	2005	738
Yarra Ranges	2010	1140
Yarra Ranges	2015	839
Yarra Ranges	2016	51
Yarra Ranges		195
Cardinia	1991	1886
Cardinia	1995	273
Cardinia	2000	407
Cardinia	2005	536
Cardinia	2010	1007
Cardinia	2015	642
Cardinia	2016	36
Cardinia		127
Casey - North	1991	4468
Casey - North	1995	1076
Casey - North	2000	1371
Casey - North	2005	1791
Casey - North	2010	2728
Casey - North	2015	1759
Casey - North	2016	90
Casey - North		266
Casey - South	1991	2353
Casey - South	1995	555
Casey - South	2000	851
Casey - South	2005	1268
Casey - South	2010	2255
Casey - South	2015	1361
Casey - South	2016	73
Casey - South		169
Dandenong	1991	16272
Dandenong	1995	4368
Dandenong	2000	4619
Dandenong	2005	5915
Dandenong	2010	9939
Dandenong	2015	7342
Dandenong	2016	413
Dandenong		897
Monash	1991	13567
Monash	1995	3376
Monash	2000	3950
Monash	2005	5626
Monash	2010	8888
Monash	2015	7544
Monash	2016	545
Monash		714
Brimbank	1991	7846
Brimbank	1995	2069
Brimbank	2000	1931
Brimbank	2005	2559
Brimbank	2010	4861
Brimbank	2015	3792
Brimbank	2016	211
Brimbank		511
Hobsons Bay	1991	4543
Hobsons Bay	1995	980
Hobsons Bay	2000	963
Hobsons Bay	2005	1302
Hobsons Bay	2010	2325
Hobsons Bay	2015	1786
Hobsons Bay	2016	100
Hobsons Bay		263
Maribyrnong	1991	5150
Maribyrnong	1995	1177
Maribyrnong	2000	1304
Maribyrnong	2005	1681
Maribyrnong	2010	2997
Maribyrnong	2015	2612
Maribyrnong	2016	189
Maribyrnong		337
Melton - Bacchus Marsh	1991	2815
Melton - Bacchus Marsh	1995	560
Melton - Bacchus Marsh	2000	783
Melton - Bacchus Marsh	2005	1065
Melton - Bacchus Marsh	2010	1823
Melton - Bacchus Marsh	2015	1254
Melton - Bacchus Marsh	2016	58
Melton - Bacchus Marsh		169
Wyndham	1991	6504
Wyndham	1995	1702
Wyndham	2000	2150
Wyndham	2005	3490
Wyndham	2010	6845
Wyndham	2015	4554
Wyndham	2016	257
Wyndham		461
Frankston	1991	4530
Frankston	1995	719
Frankston	2000	961
Frankston	2005	1276
Frankston	2010	2177
Frankston	2015	1488
Frankston	2016	62
Frankston		229
Mornington Peninsula	1991	4361
Mornington Peninsula	1995	511
Mornington Peninsula	2000	790
Mornington Peninsula	2005	998
Mornington Peninsula	2010	1522
Mornington Peninsula	2015	1089
Mornington Peninsula	2016	62
Mornington Peninsula		251
Grampians	1991	643
Grampians	1995	76
Grampians	2000	98
Grampians	2005	167
Grampians	2010	457
Grampians	2015	357
Grampians	2016	26
Grampians		67
Mildura	1991	712
Mildura	1995	90
Mildura	2000	160
Mildura	2005	193
Mildura	2010	399
Mildura	2015	453
Mildura	2016	77
Mildura		128
Murray River - Swan Hill	1991	383
Murray River - Swan Hill	1995	64
Murray River - Swan Hill	2000	123
Murray River - Swan Hill	2005	131
Murray River - Swan Hill	2010	326
Murray River - Swan Hill	2015	352
Murray River - Swan Hill	2016	44
Murray River - Swan Hill		71
Campaspe	1991	445
Campaspe	1995	51
Campaspe	2000	90
Campaspe	2005	103
Campaspe	2010	206
Campaspe	2015	220
Campaspe	2016	16
Campaspe		49
Moira	1991	350
Moira	1995	38
Moira	2000	86
Moira	2005	110
Moira	2010	251
Moira	2015	230
Moira	2016	37
Moira		36
Shepparton	1991	1025
Shepparton	1995	191
Shepparton	2000	270
Shepparton	2005	431
Shepparton	2010	982
Shepparton	2015	784
Shepparton	2016	59
Shepparton		129
Glenelg - Southern Grampians	1991	506
Glenelg - Southern Grampians	1995	52
Glenelg - Southern Grampians	2000	85
Glenelg - Southern Grampians	2005	111
Glenelg - Southern Grampians	2010	199
Glenelg - Southern Grampians	2015	169
Glenelg - Southern Grampians	2016	17
Glenelg - Southern Grampians		35
Colac - Corangamite	1991	500
Colac - Corangamite	1995	52
Colac - Corangamite	2000	139
Colac - Corangamite	2005	179
Colac - Corangamite	2010	242
Colac - Corangamite	2015	254
Colac - Corangamite	2016	20
Colac - Corangamite		52
Warrnambool	1991	590
Warrnambool	1995	90
Warrnambool	2000	176
Warrnambool	2005	219
Warrnambool	2010	360
Warrnambool	2015	437
Warrnambool	2016	106
Warrnambool		99
Migratory - Offshore - Shipping (Vic.)	1991	12
No usual address (Vic.)	1991	11133
No usual address (Vic.)	1995	1948
No usual address (Vic.)	2000	2567
No usual address (Vic.)	2005	2847
No usual address (Vic.)	2010	4861
No usual address (Vic.)	2015	4373
No usual address (Vic.)	2016	457
No usual address (Vic.)		950
Capalaba	1991	1772
Capalaba	1995	317
Capalaba	2000	504
Capalaba	2005	693
Capalaba	2010	957
Capalaba	2015	643
Capalaba	2016	47
Capalaba		97
Cleveland - Stradbroke	1991	2114
Cleveland - Stradbroke	1995	384
Cleveland - Stradbroke	2000	732
Cleveland - Stradbroke	2005	1027
Cleveland - Stradbroke	2010	1436
Cleveland - Stradbroke	2015	887
Cleveland - Stradbroke	2016	50
Cleveland - Stradbroke		111
Wynnum - Manly	1991	3339
Wynnum - Manly	1995	793
Wynnum - Manly	2000	1220
Wynnum - Manly	2005	1687
Wynnum - Manly	2010	2862
Wynnum - Manly	2015	2145
Wynnum - Manly	2016	118
Wynnum - Manly		276
Bald Hills - Everton Park	1991	687
Bald Hills - Everton Park	1995	110
Bald Hills - Everton Park	2000	208
Bald Hills - Everton Park	2005	300
Bald Hills - Everton Park	2010	337
Bald Hills - Everton Park	2015	280
Bald Hills - Everton Park	2016	13
Bald Hills - Everton Park		48
Chermside	1991	2963
Chermside	1995	663
Chermside	2000	995
Chermside	2005	1224
Chermside	2010	2268
Chermside	2015	1499
Chermside	2016	111
Chermside		192
Nundah	1991	5201
Nundah	1995	1234
Nundah	2000	1782
Nundah	2005	2241
Nundah	2010	4120
Nundah	2015	2894
Nundah	2016	185
Nundah		366
Sandgate	1991	902
Sandgate	1995	154
Sandgate	2000	294
Sandgate	2005	347
Sandgate	2010	710
Sandgate	2015	460
Sandgate	2016	35
Sandgate		70
Carindale	1991	1269
Carindale	1995	317
Carindale	2000	461
Carindale	2005	586
Carindale	2010	1007
Carindale	2015	876
Carindale	2016	56
Carindale		98
Holland Park - Yeronga	1991	3563
Holland Park - Yeronga	1995	952
Holland Park - Yeronga	2000	1179
Holland Park - Yeronga	2005	1687
Holland Park - Yeronga	2010	2934
Holland Park - Yeronga	2015	2098
Holland Park - Yeronga	2016	157
Holland Park - Yeronga		231
Mt Gravatt	1991	3323
Mt Gravatt	1995	916
Mt Gravatt	2000	1299
Mt Gravatt	2005	1643
Mt Gravatt	2010	2585
Mt Gravatt	2015	2020
Mt Gravatt	2016	129
Mt Gravatt		227
Nathan	1991	2156
Nathan	1995	634
Nathan	2000	832
Nathan	2005	1140
Nathan	2010	1847
Nathan	2015	1503
Nathan	2016	89
Nathan		141
Rocklea - Acacia Ridge	1991	4147
Rocklea - Acacia Ridge	1995	1021
Rocklea - Acacia Ridge	2000	1557
Rocklea - Acacia Ridge	2005	1760
Rocklea - Acacia Ridge	2010	2930
Rocklea - Acacia Ridge	2015	2053
Rocklea - Acacia Ridge	2016	116
Rocklea - Acacia Ridge		308
Sunnybank	1991	999
Sunnybank	1995	363
Sunnybank	2000	543
Sunnybank	2005	632
Sunnybank	2010	925
Sunnybank	2015	839
Sunnybank	2016	53
Sunnybank		91
Centenary	1991	924
Centenary	1995	229
Centenary	2000	339
Centenary	2005	386
Centenary	2010	568
Centenary	2015	403
Centenary	2016	18
Centenary		65
Kenmore - Brookfield - Moggill	1991	872
Kenmore - Brookfield - Moggill	1995	209
Kenmore - Brookfield - Moggill	2000	331
Kenmore - Brookfield - Moggill	2005	412
Kenmore - Brookfield - Moggill	2010	575
Kenmore - Brookfield - Moggill	2015	369
Kenmore - Brookfield - Moggill	2016	23
Kenmore - Brookfield - Moggill		44
Sherwood - Indooroopilly	1991	2086
Sherwood - Indooroopilly	1995	609
Sherwood - Indooroopilly	2000	899
Sherwood - Indooroopilly	2005	1186
Sherwood - Indooroopilly	2010	1819
Sherwood - Indooroopilly	2015	1960
Sherwood - Indooroopilly	2016	163
Sherwood - Indooroopilly		149
The Gap - Enoggera	1991	1111
The Gap - Enoggera	1995	248
The Gap - Enoggera	2000	401
The Gap - Enoggera	2005	439
The Gap - Enoggera	2010	710
The Gap - Enoggera	2015	538
The Gap - Enoggera	2016	33
The Gap - Enoggera		64
Brisbane Inner	1991	16408
Brisbane Inner	1995	4327
Brisbane Inner	2000	6281
Brisbane Inner	2005	8769
Brisbane Inner	2010	13679
Brisbane Inner	2015	13097
Brisbane Inner	2016	1361
Brisbane Inner		1358
Brisbane Inner - East	1991	1224
Brisbane Inner - East	1995	275
Brisbane Inner - East	2000	368
Brisbane Inner - East	2005	518
Brisbane Inner - East	2010	990
Brisbane Inner - East	2015	989
Brisbane Inner - East	2016	91
Brisbane Inner - East		110
Brisbane Inner - North	1991	5031
Brisbane Inner - North	1995	1241
Brisbane Inner - North	2000	1763
Brisbane Inner - North	2005	2354
Brisbane Inner - North	2010	3971
Brisbane Inner - North	2015	3453
Brisbane Inner - North	2016	274
Brisbane Inner - North		383
Brisbane Inner - West	1991	3013
Brisbane Inner - West	1995	685
Brisbane Inner - West	2000	1106
Brisbane Inner - West	2005	1430
Brisbane Inner - West	2010	2315
Brisbane Inner - West	2015	2050
Brisbane Inner - West	2016	155
Brisbane Inner - West		216
Cairns - North	1991	1289
Cairns - North	1995	275
Cairns - North	2000	383
Cairns - North	2005	472
Cairns - North	2010	732
Cairns - North	2015	598
Cairns - North	2016	47
Cairns - North		109
Cairns - South	1991	4565
Cairns - South	1995	1023
Cairns - South	2000	1270
Cairns - South	2005	1687
Cairns - South	2010	2809
Cairns - South	2015	2156
Cairns - South	2016	185
Cairns - South		420
Innisfail - Cassowary Coast	1991	778
Innisfail - Cassowary Coast	1995	126
Innisfail - Cassowary Coast	2000	129
Innisfail - Cassowary Coast	2005	134
Innisfail - Cassowary Coast	2010	434
Innisfail - Cassowary Coast	2015	460
Innisfail - Cassowary Coast	2016	111
Innisfail - Cassowary Coast		97
Port Douglas - Daintree	1991	515
Port Douglas - Daintree	1995	68
Port Douglas - Daintree	2000	130
Port Douglas - Daintree	2005	166
Port Douglas - Daintree	2010	248
Port Douglas - Daintree	2015	328
Port Douglas - Daintree	2016	53
Port Douglas - Daintree		58
Tablelands (East) - Kuranda	1991	1101
Tablelands (East) - Kuranda	1995	114
Tablelands (East) - Kuranda	2000	180
Tablelands (East) - Kuranda	2005	213
Tablelands (East) - Kuranda	2010	300
Tablelands (East) - Kuranda	2015	352
Tablelands (East) - Kuranda	2016	67
Tablelands (East) - Kuranda		113
Darling Downs (West) - Maranoa	1991	627
Darling Downs (West) - Maranoa	1995	86
Darling Downs (West) - Maranoa	2000	169
Darling Downs (West) - Maranoa	2005	211
Darling Downs (West) - Maranoa	2010	663
Darling Downs (West) - Maranoa	2015	609
Darling Downs (West) - Maranoa	2016	31
Darling Downs (West) - Maranoa		92
Darling Downs - East	1991	614
Darling Downs - East	1995	89
Darling Downs - East	2000	125
Darling Downs - East	2005	223
Darling Downs - East	2010	571
Darling Downs - East	2015	500
Darling Downs - East	2016	40
Darling Downs - East		75
Granite Belt	1991	694
Granite Belt	1995	68
Granite Belt	2000	122
Granite Belt	2005	136
Granite Belt	2010	239
Granite Belt	2015	236
Granite Belt	2016	14
Granite Belt		78
Central Highlands (Qld)	1991	638
Central Highlands (Qld)	1995	98
Central Highlands (Qld)	2000	187
Central Highlands (Qld)	2005	257
Central Highlands (Qld)	2010	591
Central Highlands (Qld)	2015	433
Central Highlands (Qld)	2016	20
Central Highlands (Qld)		80
Rockhampton	1991	1741
Rockhampton	1995	264
Rockhampton	2000	388
Rockhampton	2005	677
Rockhampton	2010	1557
Rockhampton	2015	1194
Rockhampton	2016	80
Rockhampton		155
Biloela	1991	256
Biloela	1995	32
Biloela	2000	65
Biloela	2005	65
Biloela	2010	218
Biloela	2015	253
Biloela	2016	22
Biloela		34
Gladstone	1991	1460
Gladstone	1995	249
Gladstone	2000	371
Gladstone	2005	459
Gladstone	2010	1064
Gladstone	2015	1052
Gladstone	2016	34
Gladstone		95
Broadbeach - Burleigh	1991	2966
Broadbeach - Burleigh	1995	626
Broadbeach - Burleigh	2000	1149
Broadbeach - Burleigh	2005	1270
Broadbeach - Burleigh	2010	1995
Broadbeach - Burleigh	2015	1938
Broadbeach - Burleigh	2016	237
Broadbeach - Burleigh		279
Coolangatta	1991	1469
Coolangatta	1995	270
Coolangatta	2000	475
Coolangatta	2005	531
Coolangatta	2010	749
Coolangatta	2015	595
Coolangatta	2016	55
Coolangatta		127
Gold Coast - North	1991	1926
Gold Coast - North	1995	386
Gold Coast - North	2000	709
Gold Coast - North	2005	855
Gold Coast - North	2010	1289
Gold Coast - North	2015	969
Gold Coast - North	2016	65
Gold Coast - North		149
Gold Coast Hinterland	1991	560
Gold Coast Hinterland	1995	64
Gold Coast Hinterland	2000	118
Gold Coast Hinterland	2005	122
Gold Coast Hinterland	2010	164
Gold Coast Hinterland	2015	114
Gold Coast Hinterland	2016	13
Gold Coast Hinterland		43
Mudgeeraba - Tallebudgera	1991	695
Mudgeeraba - Tallebudgera	1995	115
Mudgeeraba - Tallebudgera	2000	233
Mudgeeraba - Tallebudgera	2005	252
Mudgeeraba - Tallebudgera	2010	317
Mudgeeraba - Tallebudgera	2015	182
Mudgeeraba - Tallebudgera	2016	14
Mudgeeraba - Tallebudgera		52
Nerang	1991	1902
Nerang	1995	357
Nerang	2000	694
Nerang	2005	783
Nerang	2010	1134
Nerang	2015	781
Nerang	2016	50
Nerang		117
Ormeau - Oxenford	1991	4039
Ormeau - Oxenford	1995	854
Ormeau - Oxenford	2000	1775
Ormeau - Oxenford	2005	2067
Ormeau - Oxenford	2010	3552
Ormeau - Oxenford	2015	2627
Ormeau - Oxenford	2016	157
Ormeau - Oxenford		338
Robina	1991	2159
Robina	1995	524
Robina	2000	935
Robina	2005	1121
Robina	2010	1548
Robina	2015	1247
Robina	2016	81
Robina		168
Southport	1991	4362
Southport	1995	998
Southport	2000	1722
Southport	2005	2014
Southport	2010	3227
Southport	2015	2419
Southport	2016	184
Southport		328
Surfers Paradise	1991	2470
Surfers Paradise	1995	595
Surfers Paradise	2000	1091
Surfers Paradise	2005	1297
Surfers Paradise	2010	2034
Surfers Paradise	2015	2245
Surfers Paradise	2016	263
Surfers Paradise		254
Forest Lake - Oxley	1991	3820
Forest Lake - Oxley	1995	928
Forest Lake - Oxley	2000	1167
Forest Lake - Oxley	2005	1494
Forest Lake - Oxley	2010	2527
Forest Lake - Oxley	2015	1795
Forest Lake - Oxley	2016	103
Forest Lake - Oxley		262
Ipswich Hinterland	1991	1127
Ipswich Hinterland	1995	155
Ipswich Hinterland	2000	239
Ipswich Hinterland	2005	269
Ipswich Hinterland	2010	338
Ipswich Hinterland	2015	358
Ipswich Hinterland	2016	74
Ipswich Hinterland		114
Ipswich Inner	1991	2394
Ipswich Inner	1995	450
Ipswich Inner	2000	647
Ipswich Inner	2005	875
Ipswich Inner	2010	1758
Ipswich Inner	2015	1058
Ipswich Inner	2016	58
Ipswich Inner		171
Springfield - Redbank	1991	2098
Springfield - Redbank	1995	462
Springfield - Redbank	2000	722
Springfield - Redbank	2005	950
Springfield - Redbank	2010	1389
Springfield - Redbank	2015	1014
Springfield - Redbank	2016	49
Springfield - Redbank		172
Beaudesert	1991	337
Beaudesert	1995	51
Beaudesert	2000	65
Beaudesert	2005	96
Beaudesert	2010	114
Beaudesert	2015	63
Beaudesert	2016	3
Beaudesert		21
Beenleigh	1991	1012
Beenleigh	1995	174
Beenleigh	2000	311
Beenleigh	2005	379
Beenleigh	2010	682
Beenleigh	2015	416
Beenleigh	2016	23
Beenleigh		63
Browns Plains	1991	1871
Browns Plains	1995	460
Browns Plains	2000	682
Browns Plains	2005	804
Browns Plains	2010	1239
Browns Plains	2015	944
Browns Plains	2016	62
Browns Plains		117
Jimboomba	1991	661
Jimboomba	1995	103
Jimboomba	2000	157
Jimboomba	2005	182
Jimboomba	2010	273
Jimboomba	2015	142
Jimboomba	2016	3
Jimboomba		28
Loganlea - Carbrook	1991	2380
Loganlea - Carbrook	1995	476
Loganlea - Carbrook	2000	788
Loganlea - Carbrook	2005	1007
Loganlea - Carbrook	2010	1455
Loganlea - Carbrook	2015	999
Loganlea - Carbrook	2016	59
Loganlea - Carbrook		154
Springwood - Kingston	1991	3239
Springwood - Kingston	1995	758
Springwood - Kingston	2000	1103
Springwood - Kingston	2005	1493
Springwood - Kingston	2010	2211
Springwood - Kingston	2015	1614
Springwood - Kingston	2016	88
Springwood - Kingston		237
Bowen Basin - North	1991	1190
Bowen Basin - North	1995	188
Bowen Basin - North	2000	350
Bowen Basin - North	2005	357
Bowen Basin - North	2010	808
Bowen Basin - North	2015	684
Bowen Basin - North	2016	84
Bowen Basin - North		211
Mackay	1991	1942
Mackay	1995	292
Mackay	2000	432
Mackay	2005	815
Mackay	2010	1931
Mackay	2015	1298
Mackay	2016	61
Mackay		139
Whitsunday	1991	580
Whitsunday	1995	75
Whitsunday	2000	145
Whitsunday	2005	206
Whitsunday	2010	376
Whitsunday	2015	641
Whitsunday	2016	83
Whitsunday		93
Bribie - Beachmere	1991	477
Bribie - Beachmere	1995	72
Bribie - Beachmere	2000	86
Bribie - Beachmere	2005	117
Bribie - Beachmere	2010	222
Bribie - Beachmere	2015	135
Bribie - Beachmere	2016	35
Bribie - Beachmere		68
Caboolture	1991	1658
Caboolture	1995	283
Caboolture	2000	422
Caboolture	2005	612
Caboolture	2010	927
Caboolture	2015	815
Caboolture	2016	243
Caboolture		267
Caboolture Hinterland	1991	242
Caboolture Hinterland	1995	36
Caboolture Hinterland	2000	53
Caboolture Hinterland	2005	83
Caboolture Hinterland	2010	198
Caboolture Hinterland	2015	182
Caboolture Hinterland	2016	47
Caboolture Hinterland		34
Narangba - Burpengary	1991	1028
Narangba - Burpengary	1995	163
Narangba - Burpengary	2000	254
Narangba - Burpengary	2005	339
Narangba - Burpengary	2010	662
Narangba - Burpengary	2015	339
Narangba - Burpengary	2016	12
Narangba - Burpengary		70
Redcliffe	1991	1625
Redcliffe	1995	296
Redcliffe	2000	482
Redcliffe	2005	614
Redcliffe	2010	1130
Redcliffe	2015	770
Redcliffe	2016	50
Redcliffe		98
The Hills District	1991	1117
The Hills District	1995	198
The Hills District	2000	364
The Hills District	2005	470
The Hills District	2010	629
The Hills District	2015	367
The Hills District	2016	22
The Hills District		58
North Lakes	1991	1000
North Lakes	1995	196
North Lakes	2000	381
North Lakes	2005	574
North Lakes	2010	1190
North Lakes	2015	791
North Lakes	2016	43
North Lakes		87
Strathpine	1991	1552
Strathpine	1995	329
Strathpine	2000	508
Strathpine	2005	664
Strathpine	2010	1074
Strathpine	2015	737
Strathpine	2016	44
Strathpine		93
Far North	1991	644
Far North	1995	93
Far North	2000	119
Far North	2005	120
Far North	2010	215
Far North	2015	237
Far North	2016	34
Far North		111
Outback - North	1991	813
Outback - North	1995	150
Outback - North	2000	225
Outback - North	2005	285
Outback - North	2010	682
Outback - North	2015	681
Outback - North	2016	38
Outback - North		79
Outback - South	1991	249
Outback - South	1995	40
Outback - South	2000	50
Outback - South	2005	61
Outback - South	2010	118
Outback - South	2015	172
Outback - South	2016	15
Outback - South		26
Buderim	1991	1508
Buderim	1995	242
Buderim	2000	393
Buderim	2005	594
Buderim	2010	939
Buderim	2015	577
Buderim	2016	38
Buderim		77
Caloundra	1991	2212
Caloundra	1995	329
Caloundra	2000	583
Caloundra	2005	889
Caloundra	2010	1511
Caloundra	2015	1009
Caloundra	2016	60
Caloundra		120
Maroochy	1991	2026
Maroochy	1995	353
Maroochy	2000	569
Maroochy	2005	875
Maroochy	2010	1405
Maroochy	2015	1156
Maroochy	2016	67
Maroochy		139
Noosa	1991	1575
Noosa	1995	252
Noosa	2000	422
Noosa	2005	599
Noosa	2010	812
Noosa	2015	661
Noosa	2016	44
Noosa		91
Sunshine Coast Hinterland	1991	1145
Sunshine Coast Hinterland	1995	157
Sunshine Coast Hinterland	2000	214
Sunshine Coast Hinterland	2005	311
Sunshine Coast Hinterland	2010	393
Sunshine Coast Hinterland	2015	358
Sunshine Coast Hinterland	2016	75
Sunshine Coast Hinterland		119
Nambour	1991	1625
Nambour	1995	269
Nambour	2000	342
Nambour	2005	553
Nambour	2010	818
Nambour	2015	485
Nambour	2016	36
Nambour		88
Noosa Hinterland	1991	513
Noosa Hinterland	1995	54
Noosa Hinterland	2000	97
Noosa Hinterland	2005	125
Noosa Hinterland	2010	158
Noosa Hinterland	2015	68
Noosa Hinterland	2016	8
Noosa Hinterland		25
Toowoomba	1991	2758
Toowoomba	1995	403
Toowoomba	2000	671
Toowoomba	2005	1142
Toowoomba	2010	1990
Toowoomba	2015	1825
Toowoomba	2016	181
Toowoomba		224
Charters Towers - Ayr - Ingham	1991	613
Charters Towers - Ayr - Ingham	1995	73
Charters Towers - Ayr - Ingham	2000	83
Charters Towers - Ayr - Ingham	2005	109
Charters Towers - Ayr - Ingham	2010	206
Charters Towers - Ayr - Ingham	2015	227
Charters Towers - Ayr - Ingham	2016	41
Charters Towers - Ayr - Ingham		104
Townsville	1991	4545
Townsville	1995	818
Townsville	2000	1113
Townsville	2005	1528
Townsville	2010	3091
Townsville	2015	2142
Townsville	2016	150
Townsville		302
Bundaberg	1991	1525
Bundaberg	1995	203
Bundaberg	2000	328
Bundaberg	2005	372
Bundaberg	2010	647
Bundaberg	2015	670
Bundaberg	2016	147
Bundaberg		200
Burnett	1991	750
Burnett	1995	91
Burnett	2000	123
Burnett	2005	128
Burnett	2010	235
Burnett	2015	333
Burnett	2016	69
Burnett		124
Gympie - Cooloola	1991	948
Gympie - Cooloola	1995	100
Gympie - Cooloola	2000	142
Gympie - Cooloola	2005	199
Gympie - Cooloola	2010	261
Gympie - Cooloola	2015	190
Gympie - Cooloola	2016	8
Gympie - Cooloola		47
Hervey Bay	1991	1200
Hervey Bay	1995	168
Hervey Bay	2000	249
Hervey Bay	2005	312
Hervey Bay	2010	520
Hervey Bay	2015	320
Hervey Bay	2016	20
Hervey Bay		63
Maryborough	1991	690
Maryborough	1995	64
Maryborough	2000	118
Maryborough	2005	142
Maryborough	2010	183
Maryborough	2015	129
Maryborough	2016	7
Maryborough		54
Migratory - Offshore - Shipping (Qld)	1991	14
Migratory - Offshore - Shipping (Qld)	1995	3
Migratory - Offshore - Shipping (Qld)	2005	4
Migratory - Offshore - Shipping (Qld)	2010	7
Migratory - Offshore - Shipping (Qld)	2015	5
No usual address (Qld)	1991	8455
No usual address (Qld)	1995	1486
No usual address (Qld)	2000	2288
No usual address (Qld)	2005	2513
No usual address (Qld)	2010	3961
No usual address (Qld)	2015	3239
No usual address (Qld)	2016	330
No usual address (Qld)		793
Adelaide City	1991	11381
Adelaide City	1995	1892
Adelaide City	2000	2236
Adelaide City	2005	3677
Adelaide City	2010	7182
Adelaide City	2015	6012
Adelaide City	2016	453
Adelaide City		562
Adelaide Hills	1991	1640
Adelaide Hills	1995	144
Adelaide Hills	2000	254
Adelaide Hills	2005	325
Adelaide Hills	2010	597
Adelaide Hills	2015	440
Adelaide Hills	2016	27
Adelaide Hills		97
Burnside	1991	1646
Burnside	1995	220
Burnside	2000	261
Burnside	2005	417
Burnside	2010	852
Burnside	2015	747
Burnside	2016	49
Burnside		70
Campbelltown (SA)	1991	1120
Campbelltown (SA)	1995	134
Campbelltown (SA)	2000	152
Campbelltown (SA)	2005	239
Campbelltown (SA)	2010	614
Campbelltown (SA)	2015	454
Campbelltown (SA)	2016	22
Campbelltown (SA)		45
Norwood - Payneham - St Peters	1991	2173
Norwood - Payneham - St Peters	1995	270
Norwood - Payneham - St Peters	2000	377
Norwood - Payneham - St Peters	2005	565
Norwood - Payneham - St Peters	2010	1270
Norwood - Payneham - St Peters	2015	1097
Norwood - Payneham - St Peters	2016	60
Norwood - Payneham - St Peters		119
Prospect - Walkerville	1991	826
Prospect - Walkerville	1995	84
Prospect - Walkerville	2000	126
Prospect - Walkerville	2005	165
Prospect - Walkerville	2010	470
Prospect - Walkerville	2015	359
Prospect - Walkerville	2016	25
Prospect - Walkerville		39
Unley	1991	1793
Unley	1995	260
Unley	2000	324
Unley	2005	523
Unley	2010	1181
Unley	2015	934
Unley	2016	64
Unley		81
Gawler - Two Wells	1991	916
Gawler - Two Wells	1995	97
Gawler - Two Wells	2000	92
Gawler - Two Wells	2005	134
Gawler - Two Wells	2010	346
Gawler - Two Wells	2015	270
Gawler - Two Wells	2016	12
Gawler - Two Wells		53
Playford	1991	3148
Playford	1995	389
Playford	2000	331
Playford	2005	611
Playford	2010	1280
Playford	2015	820
Playford	2016	50
Playford		176
Port Adelaide - East	1991	2582
Port Adelaide - East	1995	339
Port Adelaide - East	2000	383
Port Adelaide - East	2005	660
Port Adelaide - East	2010	1758
Port Adelaide - East	2015	1093
Port Adelaide - East	2016	44
Port Adelaide - East		101
Salisbury	1991	5154
Salisbury	1995	807
Salisbury	2000	751
Salisbury	2005	1118
Salisbury	2010	2519
Salisbury	2015	1597
Salisbury	2016	88
Salisbury		225
Tea Tree Gully	1991	2357
Tea Tree Gully	1995	243
Tea Tree Gully	2000	304
Tea Tree Gully	2005	472
Tea Tree Gully	2010	1114
Tea Tree Gully	2015	694
Tea Tree Gully	2016	38
Tea Tree Gully		84
Holdfast Bay	1991	1061
Holdfast Bay	1995	136
Holdfast Bay	2000	178
Holdfast Bay	2005	289
Holdfast Bay	2010	689
Holdfast Bay	2015	549
Holdfast Bay	2016	41
Holdfast Bay		62
Marion	1991	2075
Marion	1995	274
Marion	2000	391
Marion	2005	608
Marion	2010	1439
Marion	2015	871
Marion	2016	61
Marion		95
Mitcham	1991	2718
Mitcham	1995	408
Mitcham	2000	489
Mitcham	2005	809
Mitcham	2010	1622
Mitcham	2015	914
Mitcham	2016	69
Mitcham		109
Onkaparinga	1991	4024
Onkaparinga	1995	421
Onkaparinga	2000	522
Onkaparinga	2005	763
Onkaparinga	2010	1735
Onkaparinga	2015	1016
Onkaparinga	2016	51
Onkaparinga		172
Charles Sturt	1991	4159
Charles Sturt	1995	688
Charles Sturt	2000	739
Charles Sturt	2005	1036
Charles Sturt	2010	2443
Charles Sturt	2015	1648
Charles Sturt	2016	112
Charles Sturt		195
Port Adelaide - West	1991	4171
Port Adelaide - West	1995	632
Port Adelaide - West	2000	621
Port Adelaide - West	2005	934
Port Adelaide - West	2010	2135
Port Adelaide - West	2015	1476
Port Adelaide - West	2016	122
Port Adelaide - West		238
West Torrens	1991	4112
West Torrens	1995	602
West Torrens	2000	720
West Torrens	2005	1027
West Torrens	2010	2618
West Torrens	2015	1922
West Torrens	2016	123
West Torrens		203
Barossa	1991	925
Barossa	1995	72
Barossa	2000	80
Barossa	2005	123
Barossa	2010	253
Barossa	2015	169
Barossa	2016	16
Barossa		45
Lower North	1991	413
Lower North	1995	29
Lower North	2000	38
Lower North	2005	59
Lower North	2010	115
Lower North	2015	156
Lower North	2016	4
Lower North		23
Mid North	1991	372
Mid North	1995	41
Mid North	2000	29
Mid North	2005	60
Mid North	2010	133
Mid North	2015	123
Mid North	2016	3
Mid North		28
Yorke Peninsula	1991	394
Yorke Peninsula	1995	20
Yorke Peninsula	2000	28
Yorke Peninsula	2005	40
Yorke Peninsula	2010	77
Yorke Peninsula	2015	58
Yorke Peninsula		26
Eyre Peninsula and South West	1991	1428
Eyre Peninsula and South West	1995	80
Eyre Peninsula and South West	2000	83
Eyre Peninsula and South West	2005	172
Eyre Peninsula and South West	2010	376
Eyre Peninsula and South West	2015	301
Eyre Peninsula and South West	2016	11
Eyre Peninsula and South West		71
Outback - North and East	1991	712
Outback - North and East	1995	63
Outback - North and East	2000	99
Outback - North and East	2005	150
Outback - North and East	2010	404
Outback - North and East	2015	264
Outback - North and East	2016	13
Outback - North and East		52
Fleurieu - Kangaroo Island	1991	1229
Fleurieu - Kangaroo Island	1995	71
Fleurieu - Kangaroo Island	2000	129
Fleurieu - Kangaroo Island	2005	134
Fleurieu - Kangaroo Island	2010	234
Fleurieu - Kangaroo Island	2015	217
Fleurieu - Kangaroo Island	2016	24
Fleurieu - Kangaroo Island		64
Limestone Coast	1991	1090
Limestone Coast	1995	73
Limestone Coast	2000	186
Limestone Coast	2005	228
Limestone Coast	2010	488
Limestone Coast	2015	624
Limestone Coast	2016	44
Limestone Coast		112
Murray and Mallee	1991	1289
Murray and Mallee	1995	110
Murray and Mallee	2000	152
Murray and Mallee	2005	273
Murray and Mallee	2010	716
Murray and Mallee	2015	950
Murray and Mallee	2016	126
Murray and Mallee		217
Migratory - Offshore - Shipping (SA)	1991	5
Migratory - Offshore - Shipping (SA)	1995	3
No usual address (SA)	1991	3507
No usual address (SA)	1995	421
No usual address (SA)	2000	568
No usual address (SA)	2005	639
No usual address (SA)	2010	1282
No usual address (SA)	2015	876
No usual address (SA)	2016	77
No usual address (SA)		209
Augusta - Margaret River - Busselton	1991	1823
Augusta - Margaret River - Busselton	1995	210
Augusta - Margaret River - Busselton	2000	310
Augusta - Margaret River - Busselton	2005	427
Augusta - Margaret River - Busselton	2010	759
Augusta - Margaret River - Busselton	2015	820
Augusta - Margaret River - Busselton	2016	82
Augusta - Margaret River - Busselton		175
Bunbury	1991	3505
Bunbury	1995	381
Bunbury	2000	603
Bunbury	2005	932
Bunbury	2010	2171
Bunbury	2015	1890
Bunbury	2016	116
Bunbury		313
Manjimup	1991	991
Manjimup	1995	74
Manjimup	2000	91
Manjimup	2005	116
Manjimup	2010	170
Manjimup	2015	177
Manjimup	2016	17
Manjimup		75
Mandurah	1991	2806
Mandurah	1995	381
Mandurah	2000	515
Mandurah	2005	833
Mandurah	2010	2081
Mandurah	2015	1848
Mandurah	2016	72
Mandurah		162
Cottesloe - Claremont	1991	5226
Cottesloe - Claremont	1995	1095
Cottesloe - Claremont	2000	1501
Cottesloe - Claremont	2005	1971
Cottesloe - Claremont	2010	3310
Cottesloe - Claremont	2015	3630
Cottesloe - Claremont	2016	228
Cottesloe - Claremont		291
Perth City	1991	24405
Perth City	1995	5313
Perth City	2000	7019
Perth City	2005	9675
Perth City	2010	17700
Perth City	2015	17913
Perth City	2016	1077
Perth City		1432
Bayswater - Bassendean	1991	3510
Bayswater - Bassendean	1995	671
Bayswater - Bassendean	2000	786
Bayswater - Bassendean	2005	1020
Bayswater - Bassendean	2010	2382
Bayswater - Bassendean	2015	2190
Bayswater - Bassendean	2016	128
Bayswater - Bassendean		219
Mundaring	1991	1322
Mundaring	1995	149
Mundaring	2000	194
Mundaring	2005	278
Mundaring	2010	539
Mundaring	2015	467
Mundaring	2016	31
Mundaring		69
Swan	1991	6773
Swan	1995	1360
Swan	2000	1706
Swan	2005	2188
Swan	2010	4874
Swan	2015	3998
Swan	2016	240
Swan		456
Joondalup	1991	6134
Joondalup	1995	1321
Joondalup	2000	1855
Joondalup	2005	2814
Joondalup	2010	4644
Joondalup	2015	3728
Joondalup	2016	171
Joondalup		337
Stirling	1991	9413
Stirling	1995	1972
Stirling	2000	2542
Stirling	2005	3287
Stirling	2010	6309
Stirling	2015	6169
Stirling	2016	315
Stirling		524
Wanneroo	1991	5700
Wanneroo	1995	1283
Wanneroo	2000	1648
Wanneroo	2005	2633
Wanneroo	2010	5220
Wanneroo	2015	3870
Wanneroo	2016	223
Wanneroo		427
Armadale	1991	2393
Armadale	1995	367
Armadale	2000	458
Armadale	2005	667
Armadale	2010	1437
Armadale	2015	1171
Armadale	2016	78
Armadale		122
Belmont - Victoria Park	1991	7248
Belmont - Victoria Park	1995	1614
Belmont - Victoria Park	2000	1893
Belmont - Victoria Park	2005	2855
Belmont - Victoria Park	2010	6508
Belmont - Victoria Park	2015	5911
Belmont - Victoria Park	2016	266
Belmont - Victoria Park		523
Canning	1991	8493
Canning	1995	1758
Canning	2000	2133
Canning	2005	3045
Canning	2010	7119
Canning	2015	6088
Canning	2016	305
Canning		512
Gosnells	1991	3410
Gosnells	1995	591
Gosnells	2000	770
Gosnells	2005	1056
Gosnells	2010	2427
Gosnells	2015	1892
Gosnells	2016	92
Gosnells		188
Kalamunda	1991	1932
Kalamunda	1995	289
Kalamunda	2000	366
Kalamunda	2005	506
Kalamunda	2010	1091
Kalamunda	2015	852
Kalamunda	2016	35
Kalamunda		86
Serpentine - Jarrahdale	1991	544
Serpentine - Jarrahdale	1995	70
Serpentine - Jarrahdale	2000	91
Serpentine - Jarrahdale	2005	120
Serpentine - Jarrahdale	2010	244
Serpentine - Jarrahdale	2015	238
Serpentine - Jarrahdale	2016	20
Serpentine - Jarrahdale		34
South Perth	1991	1669
South Perth	1995	294
South Perth	2000	411
South Perth	2005	578
South Perth	2010	1150
South Perth	2015	1114
South Perth	2016	70
South Perth		94
Cockburn	1991	4814
Cockburn	1995	913
Cockburn	2000	1289
Cockburn	2005	1752
Cockburn	2010	4234
Cockburn	2015	3983
Cockburn	2016	153
Cockburn		273
Fremantle	1991	3479
Fremantle	1995	598
Fremantle	2000	769
Fremantle	2005	980
Fremantle	2010	2115
Fremantle	2015	2299
Fremantle	2016	136
Fremantle		225
Kwinana	1991	1808
Kwinana	1995	284
Kwinana	2000	323
Kwinana	2005	420
Kwinana	2010	1166
Kwinana	2015	837
Kwinana	2016	24
Kwinana		92
Melville	1991	5344
Melville	1995	1092
Melville	2000	1378
Melville	2005	1931
Melville	2010	3564
Melville	2015	3300
Melville	2016	171
Melville		249
Rockingham	1991	3494
Rockingham	1995	553
Rockingham	2000	711
Rockingham	2005	1182
Rockingham	2010	2697
Rockingham	2015	2105
Rockingham	2016	60
Rockingham		193
Albany	1991	2405
Albany	1995	246
Albany	2000	305
Albany	2005	421
Albany	2010	921
Albany	2015	706
Albany	2016	46
Albany		138
Wheat Belt - North	1991	1757
Wheat Belt - North	1995	184
Wheat Belt - North	2000	310
Wheat Belt - North	2005	382
Wheat Belt - North	2010	721
Wheat Belt - North	2015	958
Wheat Belt - North	2016	118
Wheat Belt - North		243
Wheat Belt - South	1991	772
Wheat Belt - South	1995	86
Wheat Belt - South	2000	97
Wheat Belt - South	2005	139
Wheat Belt - South	2010	335
Wheat Belt - South	2015	308
Wheat Belt - South	2016	16
Wheat Belt - South		49
Kimberley	1991	971
Kimberley	1995	166
Kimberley	2000	193
Kimberley	2005	233
Kimberley	2010	712
Kimberley	2015	850
Kimberley	2016	100
Kimberley		158
East Pilbara	1991	1886
East Pilbara	1995	373
East Pilbara	2000	545
East Pilbara	2005	714
East Pilbara	2010	1875
East Pilbara	2015	1506
East Pilbara	2016	46
East Pilbara		188
West Pilbara	1991	3256
West Pilbara	1995	649
West Pilbara	2000	953
West Pilbara	2005	1346
West Pilbara	2010	3327
West Pilbara	2015	2630
West Pilbara	2016	94
West Pilbara		312
Esperance	1991	514
Esperance	1995	49
Esperance	2000	104
Esperance	2005	124
Esperance	2010	222
Esperance	2015	206
Esperance	2016	19
Esperance		50
Gascoyne	1991	443
Gascoyne	1995	45
Gascoyne	2000	72
Gascoyne	2005	94
Gascoyne	2010	196
Gascoyne	2015	233
Gascoyne	2016	41
Gascoyne		61
Goldfields	1991	1728
Goldfields	1995	369
Goldfields	2000	479
Goldfields	2005	747
Goldfields	2010	1883
Goldfields	2015	1709
Goldfields	2016	77
Goldfields		180
Mid West	1991	1769
Mid West	1995	211
Mid West	2000	344
Mid West	2005	467
Mid West	2010	1083
Mid West	2015	1046
Mid West	2016	33
Mid West		118
Migratory - Offshore - Shipping (WA)	1991	200
Migratory - Offshore - Shipping (WA)	1995	43
Migratory - Offshore - Shipping (WA)	2000	48
Migratory - Offshore - Shipping (WA)	2005	52
Migratory - Offshore - Shipping (WA)	2010	89
Migratory - Offshore - Shipping (WA)	2015	68
Migratory - Offshore - Shipping (WA)	2016	3
Migratory - Offshore - Shipping (WA)		14
No usual address (WA)	1991	6633
No usual address (WA)	1995	1136
No usual address (WA)	2000	1605
No usual address (WA)	2005	1898
No usual address (WA)	2010	3897
No usual address (WA)	2015	3419
No usual address (WA)	2016	228
No usual address (WA)		575
Brighton	1991	99
Brighton	1995	3
Brighton	2000	12
Brighton	2005	11
Brighton	2010	22
Brighton	2015	35
Brighton		9
Hobart - North East	1991	753
Hobart - North East	1995	103
Hobart - North East	2000	113
Hobart - North East	2005	177
Hobart - North East	2010	255
Hobart - North East	2015	203
Hobart - North East	2016	19
Hobart - North East		50
Hobart - North West	1991	965
Hobart - North West	1995	133
Hobart - North West	2000	150
Hobart - North West	2005	212
Hobart - North West	2010	364
Hobart - North West	2015	289
Hobart - North West	2016	17
Hobart - North West		52
Hobart - South and West	1991	529
Hobart - South and West	1995	67
Hobart - South and West	2000	93
Hobart - South and West	2005	118
Hobart - South and West	2010	179
Hobart - South and West	2015	166
Hobart - South and West	2016	8
Hobart - South and West		26
Hobart Inner	1991	3427
Hobart Inner	1995	475
Hobart Inner	2000	638
Hobart Inner	2005	832
Hobart Inner	2010	1343
Hobart Inner	2015	1394
Hobart Inner	2016	116
Hobart Inner		169
Sorell - Dodges Ferry	1991	175
Sorell - Dodges Ferry	1995	13
Sorell - Dodges Ferry	2000	18
Sorell - Dodges Ferry	2005	31
Sorell - Dodges Ferry	2010	37
Sorell - Dodges Ferry	2015	42
Sorell - Dodges Ferry		12
Launceston	1991	1904
Launceston	1995	204
Launceston	2000	317
Launceston	2005	418
Launceston	2010	686
Launceston	2015	566
Launceston	2016	58
Launceston		92
Meander Valley - West Tamar	1991	311
Meander Valley - West Tamar	1995	36
Meander Valley - West Tamar	2000	36
Meander Valley - West Tamar	2005	43
Meander Valley - West Tamar	2010	55
Meander Valley - West Tamar	2015	75
Meander Valley - West Tamar	2016	8
Meander Valley - West Tamar		18
North East	1991	586
North East	1995	50
North East	2000	88
North East	2005	80
North East	2010	120
North East	2015	172
North East	2016	13
North East		35
Central Highlands (Tas.)	1991	96
Central Highlands (Tas.)	1995	6
Central Highlands (Tas.)	2000	10
Central Highlands (Tas.)	2005	25
Central Highlands (Tas.)	2010	16
Central Highlands (Tas.)	2015	34
Central Highlands (Tas.)		4
Huon - Bruny Island	1991	389
Huon - Bruny Island	1995	44
Huon - Bruny Island	2000	51
Huon - Bruny Island	2005	54
Huon - Bruny Island	2010	79
Huon - Bruny Island	2015	105
Huon - Bruny Island	2016	5
Huon - Bruny Island		35
South East Coast	1991	108
South East Coast	1995	16
South East Coast	2000	19
South East Coast	2005	17
South East Coast	2010	27
South East Coast	2015	44
South East Coast	2016	3
South East Coast		8
Burnie - Ulverstone	1991	783
Burnie - Ulverstone	1995	78
Burnie - Ulverstone	2000	101
Burnie - Ulverstone	2005	120
Burnie - Ulverstone	2010	212
Burnie - Ulverstone	2015	162
Burnie - Ulverstone	2016	17
Burnie - Ulverstone		47
Devonport	1991	718
Devonport	1995	85
Devonport	2000	82
Devonport	2005	116
Devonport	2010	180
Devonport	2015	185
Devonport	2016	16
Devonport		52
West Coast	1991	297
West Coast	1995	33
West Coast	2000	95
West Coast	2005	74
West Coast	2010	92
West Coast	2015	95
West Coast	2016	13
West Coast		22
Migratory - Offshore - Shipping (Tas.)	1991	6
Migratory - Offshore - Shipping (Tas.)	2000	3
No usual address (Tas.)	1991	498
No usual address (Tas.)	1995	47
No usual address (Tas.)	2000	75
No usual address (Tas.)	2005	61
No usual address (Tas.)	2010	111
No usual address (Tas.)	2015	82
No usual address (Tas.)	2016	13
No usual address (Tas.)		32
Darwin City	1991	2426
Darwin City	1995	402
Darwin City	2000	516
Darwin City	2005	611
Darwin City	2010	1981
Darwin City	2015	2532
Darwin City	2016	283
Darwin City		281
Darwin Suburbs	1991	2149
Darwin Suburbs	1995	377
Darwin Suburbs	2000	440
Darwin Suburbs	2005	613
Darwin Suburbs	2010	1946
Darwin Suburbs	2015	2117
Darwin Suburbs	2016	181
Darwin Suburbs		234
Litchfield	1991	1152
Litchfield	1995	220
Litchfield	2000	309
Litchfield	2005	369
Litchfield	2010	859
Litchfield	2015	895
Litchfield	2016	74
Litchfield		125
Palmerston	1991	571
Palmerston	1995	88
Palmerston	2000	129
Palmerston	2005	140
Palmerston	2010	528
Palmerston	2015	487
Palmerston	2016	37
Palmerston		66
Alice Springs	1991	1153
Alice Springs	1995	184
Alice Springs	2000	279
Alice Springs	2005	460
Alice Springs	2010	1115
Alice Springs	2015	1331
Alice Springs	2016	168
Alice Springs		138
Barkly	1991	102
Barkly	1995	11
Barkly	2000	19
Barkly	2005	35
Barkly	2010	77
Barkly	2015	123
Barkly	2016	11
Barkly		31
Daly - Tiwi - West Arnhem	1991	234
Daly - Tiwi - West Arnhem	1995	33
Daly - Tiwi - West Arnhem	2000	41
Daly - Tiwi - West Arnhem	2005	67
Daly - Tiwi - West Arnhem	2010	108
Daly - Tiwi - West Arnhem	2015	172
Daly - Tiwi - West Arnhem	2016	26
Daly - Tiwi - West Arnhem		35
East Arnhem	1991	311
East Arnhem	1995	44
East Arnhem	2000	64
East Arnhem	2005	71
East Arnhem	2010	161
East Arnhem	2015	96
East Arnhem	2016	7
East Arnhem		33
Katherine	1991	361
Katherine	1995	47
Katherine	2000	69
Katherine	2005	85
Katherine	2010	221
Katherine	2015	272
Katherine	2016	30
Katherine		61
Migratory - Offshore - Shipping (NT)	1991	12
Migratory - Offshore - Shipping (NT)	1995	3
Migratory - Offshore - Shipping (NT)	2000	6
Migratory - Offshore - Shipping (NT)	2005	4
Migratory - Offshore - Shipping (NT)	2010	8
Migratory - Offshore - Shipping (NT)	2015	5
Migratory - Offshore - Shipping (NT)		4
No usual address (NT)	1991	334
No usual address (NT)	1995	37
No usual address (NT)	2000	63
No usual address (NT)	2005	85
No usual address (NT)	2010	167
No usual address (NT)	2015	197
No usual address (NT)	2016	16
No usual address (NT)		37
Belconnen	1991	2505
Belconnen	1995	599
Belconnen	2000	715
Belconnen	2005	1065
Belconnen	2010	1578
Belconnen	2015	1524
Belconnen	2016	113
Belconnen		135
Canberra East	1991	1337
Canberra East	1995	315
Canberra East	2000	337
Canberra East	2005	404
Canberra East	2010	598
Canberra East	2015	501
Canberra East	2016	21
Canberra East		73
Gungahlin	1991	1044
Gungahlin	1995	256
Gungahlin	2000	345
Gungahlin	2005	553
Gungahlin	2010	1029
Gungahlin	2015	834
Gungahlin	2016	53
Gungahlin		66
North Canberra	1991	6392
North Canberra	1995	1579
North Canberra	2000	1840
North Canberra	2005	2408
North Canberra	2010	3155
North Canberra	2015	3395
North Canberra	2016	278
North Canberra		344
South Canberra	1991	4835
South Canberra	1995	932
South Canberra	2000	1147
South Canberra	2005	1359
South Canberra	2010	2061
South Canberra	2015	2088
South Canberra	2016	175
South Canberra		247
Tuggeranong	1991	1824
Tuggeranong	1995	363
Tuggeranong	2000	466
Tuggeranong	2005	560
Tuggeranong	2010	853
Tuggeranong	2015	707
Tuggeranong	2016	41
Tuggeranong		82
Weston Creek	1991	374
Weston Creek	1995	65
Weston Creek	2000	79
Weston Creek	2005	113
Weston Creek	2010	203
Weston Creek	2015	240
Weston Creek	2016	22
Weston Creek		10
Woden Valley	1991	2210
Woden Valley	1995	467
Woden Valley	2000	556
Woden Valley	2005	808
Woden Valley	2010	1470
Woden Valley	2015	1443
Woden Valley	2016	66
Woden Valley		120
Molonglo	1991	16
Molonglo	1995	3
Molonglo	2000	7
Molonglo	2005	13
Molonglo	2010	20
Molonglo	2015	13
Molonglo		3
Urriarra - Namadgi	1991	42
Urriarra - Namadgi	1995	3
Urriarra - Namadgi	2000	12
Urriarra - Namadgi	2005	5
Urriarra - Namadgi	2010	9
Urriarra - Namadgi	2015	17
Urriarra - Namadgi		4
No usual address (ACT)	1991	612
No usual address (ACT)	1995	100
No usual address (ACT)	2000	129
No usual address (ACT)	2005	151
No usual address (ACT)	2010	237
No usual address (ACT)	2015	242
No usual address (ACT)	2016	23
No usual address (ACT)		47
Christmas Island	1991	294
Christmas Island	1995	25
Christmas Island	2000	25
Christmas Island	2005	23
Christmas Island	2010	63
Christmas Island	2015	56
Christmas Island	2016	8
Christmas Island		21
Cocos (Keeling) Islands	1991	18
Cocos (Keeling) Islands	1995	7
Cocos (Keeling) Islands	2005	4
Cocos (Keeling) Islands	2010	3
Jervis Bay	1991	48
Jervis Bay	1995	3
Jervis Bay	2000	6
Jervis Bay	2005	11
Jervis Bay	2010	11
Jervis Bay	2015	6
Jervis Bay	2016	9
Jervis Bay		8
Norfolk Island	1991	150
Norfolk Island	1995	15
Norfolk Island	2000	23
Norfolk Island	2005	34
Norfolk Island	2010	50
Norfolk Island	2015	35
Norfolk Island	2016	14
Norfolk Island		44
No usual address (OT)	1991	6
No usual address (OT)	1995	3
No usual address (OT)	2000	3
No usual address (OT)	2005	4
No usual address (OT)	2010	3
No usual address (OT)	2015	6
No usual address (OT)	2016	11
No usual address (OT)		7
